1.439395E-08,-1.5E-03
1.439708E-08,-1.5E-03
1.440020E-08,-1.5E-03
1.440333E-08,-1.5E-03
1.440645E-08,-1.5E-03
1.440958E-08,-1.5E-03
1.441270E-08,-1.5E-03
1.441583E-08,-1.5E-03
1.441895E-08,-1.5E-03
1.442208E-08,-1.5E-03
1.442520E-08,-1.5E-03
1.442833E-08,-1.5E-03
1.443145E-08,-1.5E-03
1.443458E-08,-1.5E-03
1.443770E-08,-1.5E-03
1.444083E-08,-1.5E-03
1.444395E-08,-1.5E-03
1.444708E-08,-1.5E-03
1.445020E-08,-1.5E-03
1.445333E-08,-1.5E-03
1.445645E-08,-1.5E-03
1.445958E-08,-1.5E-03
1.446270E-08,-1.5E-03
1.446583E-08,-1.5E-03
1.446895E-08,-1.5E-03
1.447208E-08,-1.5E-03
1.447520E-08,-1.5E-03
1.447833E-08,-1.5E-03
1.448145E-08,-1.5E-03
1.448458E-08,-1.5E-03
1.448770E-08,-1.5E-03
1.449083E-08,-1.5E-03
1.449395E-08,-1.5E-03
1.449708E-08,-1.5E-03
1.450020E-08,-1.5E-03
1.450333E-08,-1.5E-03
1.450645E-08,-1.5E-03
1.450958E-08,-1.5E-03
1.451270E-08,-1.5E-03
1.451583E-08,-1.5E-03
1.451895E-08,-1.5E-03
1.452208E-08,-1.5E-03
1.452520E-08,-1.5E-03
1.452833E-08,-1.5E-03
1.453145E-08,-1.5E-03
1.453458E-08,-1.6E-03
1.453770E-08,-1.6E-03
1.454083E-08,-1.6E-03
1.454395E-08,-1.6E-03
1.454708E-08,-1.6E-03
1.455020E-08,-1.6E-03
1.455333E-08,-1.6E-03
1.455645E-08,-1.6E-03
1.455958E-08,-1.6E-03
1.456270E-08,-1.6E-03
1.456583E-08,-1.6E-03
1.456895E-08,-1.6E-03
1.457208E-08,-1.6E-03
1.457520E-08,-1.6E-03
1.457833E-08,-1.6E-03
1.458145E-08,-1.7E-03
1.458458E-08,-1.7E-03
1.458770E-08,-1.7E-03
1.459083E-08,-1.7E-03
1.459395E-08,-1.7E-03
1.459708E-08,-1.7E-03
1.460020E-08,-1.7E-03
1.460333E-08,-1.7E-03
1.460645E-08,-1.7E-03
1.460958E-08,-1.8E-03
1.461270E-08,-1.8E-03
1.461583E-08,-1.8E-03
1.461895E-08,-1.8E-03
1.462208E-08,-1.8E-03
1.462520E-08,-1.8E-03
1.462833E-08,-1.8E-03
1.463145E-08,-1.8E-03
1.463458E-08,-1.9E-03
1.463770E-08,-1.9E-03
1.464083E-08,-1.9E-03
1.464395E-08,-1.9E-03
1.464708E-08,-1.9E-03
1.465020E-08,-1.9E-03
1.465333E-08,-1.9E-03
1.465645E-08,-2.0E-03
1.465958E-08,-2.0E-03
1.466270E-08,-2.0E-03
1.466583E-08,-2.0E-03
1.466895E-08,-2.0E-03
1.467208E-08,-2.0E-03
1.467520E-08,-2.1E-03
1.467833E-08,-2.1E-03
1.468145E-08,-2.1E-03
1.468458E-08,-2.1E-03
1.468770E-08,-2.1E-03
1.469083E-08,-2.1E-03
1.469395E-08,-2.1E-03
1.469708E-08,-2.1E-03
1.470020E-08,-2.1E-03
1.470333E-08,-2.2E-03
1.470645E-08,-2.2E-03
1.470958E-08,-2.2E-03
1.471270E-08,-2.2E-03
1.471583E-08,-2.2E-03
1.471895E-08,-2.2E-03
1.472208E-08,-2.2E-03
1.472520E-08,-2.2E-03
1.472833E-08,-2.2E-03
1.473145E-08,-2.3E-03
1.473458E-08,-2.3E-03
1.473770E-08,-2.3E-03
1.474083E-08,-2.3E-03
1.474395E-08,-2.3E-03
1.474708E-08,-2.3E-03
1.475020E-08,-2.3E-03
1.475333E-08,-2.3E-03
1.475645E-08,-2.3E-03
1.475958E-08,-2.3E-03
1.476270E-08,-2.3E-03
1.476583E-08,-2.3E-03
1.476895E-08,-2.3E-03
1.477208E-08,-2.3E-03
1.477520E-08,-2.3E-03
1.477833E-08,-2.3E-03
1.478145E-08,-2.3E-03
1.478458E-08,-2.3E-03
1.478770E-08,-2.3E-03
1.479083E-08,-2.3E-03
1.479395E-08,-2.3E-03
1.479708E-08,-2.3E-03
1.480020E-08,-2.3E-03
1.480333E-08,-2.3E-03
1.480645E-08,-2.3E-03
1.480958E-08,-2.2E-03
1.481270E-08,-2.2E-03
1.481583E-08,-2.2E-03
1.481895E-08,-2.2E-03
1.482208E-08,-2.2E-03
1.482520E-08,-2.2E-03
1.482833E-08,-2.2E-03
1.483145E-08,-2.2E-03
1.483458E-08,-2.1E-03
1.483770E-08,-2.1E-03
1.484083E-08,-2.1E-03
1.484395E-08,-2.1E-03
1.484708E-08,-2.1E-03
1.485020E-08,-2.1E-03
1.485333E-08,-2.0E-03
1.485645E-08,-2.0E-03
1.485958E-08,-2.0E-03
1.486270E-08,-2.0E-03
1.486583E-08,-2.0E-03
1.486895E-08,-1.9E-03
1.487208E-08,-1.9E-03
1.487520E-08,-1.9E-03
1.487833E-08,-1.9E-03
1.488145E-08,-1.9E-03
1.488458E-08,-1.8E-03
1.488770E-08,-1.8E-03
1.489083E-08,-1.8E-03
1.489395E-08,-1.8E-03
1.489708E-08,-1.7E-03
1.490020E-08,-1.7E-03
1.490333E-08,-1.7E-03
1.490645E-08,-1.6E-03
1.490958E-08,-1.6E-03
1.491270E-08,-1.6E-03
1.491583E-08,-1.6E-03
1.491895E-08,-1.6E-03
1.492208E-08,-1.5E-03
1.492520E-08,-1.5E-03
1.492833E-08,-1.5E-03
1.493145E-08,-1.4E-03
1.493458E-08,-1.4E-03
1.493770E-08,-1.4E-03
1.494083E-08,-1.4E-03
1.494395E-08,-1.3E-03
1.494708E-08,-1.3E-03
1.495020E-08,-1.3E-03
1.495333E-08,-1.3E-03
1.495645E-08,-1.2E-03
1.495958E-08,-1.2E-03
1.496270E-08,-1.2E-03
1.496583E-08,-1.2E-03
1.496895E-08,-1.1E-03
1.497208E-08,-1.1E-03
1.497520E-08,-1.1E-03
1.497833E-08,-1.1E-03
1.498145E-08,-1.1E-03
1.498458E-08,-1.0E-03
1.498770E-08,-1.0E-03
1.499083E-08,-1.0E-03
1.499395E-08,-1.0E-03
1.499708E-08,-1.0E-03
1.500020E-08,-9E-04
1.500333E-08,-9E-04
1.500645E-08,-9E-04
1.500958E-08,-9E-04
1.501270E-08,-9E-04
1.501583E-08,-9E-04
1.501895E-08,-9E-04
1.502208E-08,-8E-04
1.502520E-08,-8E-04
1.502833E-08,-8E-04
1.503145E-08,-8E-04
1.503458E-08,-8E-04
1.503770E-08,-8E-04
1.504083E-08,-8E-04
1.504395E-08,-8E-04
1.504708E-08,-8E-04
1.505020E-08,-8E-04
1.505333E-08,-8E-04
1.505645E-08,-8E-04
1.505958E-08,-8E-04
1.506270E-08,-8E-04
1.506583E-08,-7E-04
1.506895E-08,-8E-04
1.507208E-08,-8E-04
1.507520E-08,-8E-04
1.507833E-08,-8E-04
1.508145E-08,-8E-04
1.508458E-08,-8E-04
1.508770E-08,-8E-04
1.509083E-08,-8E-04
1.509395E-08,-8E-04
1.509708E-08,-8E-04
1.510020E-08,-8E-04
1.510333E-08,-8E-04
1.510645E-08,-8E-04
1.510958E-08,-8E-04
1.511270E-08,-8E-04
1.511583E-08,-8E-04
1.511895E-08,-8E-04
1.512208E-08,-8E-04
1.512520E-08,-9E-04
1.512833E-08,-9E-04
1.513145E-08,-9E-04
1.513458E-08,-9E-04
1.513770E-08,-9E-04
1.514083E-08,-9E-04
1.514395E-08,-9E-04
1.514708E-08,-9E-04
1.515020E-08,-1.0E-03
1.515333E-08,-1.0E-03
1.515645E-08,-1.0E-03
1.515958E-08,-1.0E-03
1.516270E-08,-1.0E-03
1.516583E-08,-1.1E-03
1.516895E-08,-1.1E-03
1.517208E-08,-1.1E-03
1.517520E-08,-1.1E-03
1.517833E-08,-1.1E-03
1.518145E-08,-1.1E-03
1.518458E-08,-1.2E-03
1.518770E-08,-1.2E-03
1.519083E-08,-1.2E-03
1.519395E-08,-1.2E-03
1.519708E-08,-1.2E-03
1.520020E-08,-1.3E-03
1.520333E-08,-1.3E-03
1.520645E-08,-1.3E-03
1.520958E-08,-1.3E-03
1.521270E-08,-1.3E-03
1.521583E-08,-1.3E-03
1.521895E-08,-1.4E-03
1.522208E-08,-1.4E-03
1.522520E-08,-1.4E-03
1.522833E-08,-1.4E-03
1.523145E-08,-1.4E-03
1.523458E-08,-1.4E-03
1.523770E-08,-1.4E-03
1.524083E-08,-1.5E-03
1.524395E-08,-1.5E-03
1.524708E-08,-1.5E-03
1.525020E-08,-1.5E-03
1.525333E-08,-1.5E-03
1.525645E-08,-1.5E-03
1.525958E-08,-1.5E-03
1.526270E-08,-1.6E-03
1.526583E-08,-1.6E-03
1.526895E-08,-1.6E-03
1.527208E-08,-1.6E-03
1.527520E-08,-1.6E-03
1.527833E-08,-1.6E-03
1.528145E-08,-1.6E-03
1.528458E-08,-1.6E-03
1.528770E-08,-1.6E-03
1.529083E-08,-1.6E-03
1.529395E-08,-1.6E-03
1.529708E-08,-1.6E-03
1.530020E-08,-1.6E-03
1.530333E-08,-1.6E-03
1.530645E-08,-1.6E-03
1.530958E-08,-1.6E-03
1.531270E-08,-1.6E-03
1.531583E-08,-1.6E-03
1.531895E-08,-1.6E-03
1.532208E-08,-1.6E-03
1.532520E-08,-1.6E-03
1.532833E-08,-1.6E-03
1.533145E-08,-1.6E-03
1.533458E-08,-1.6E-03
1.533770E-08,-1.6E-03
1.534083E-08,-1.6E-03
1.534395E-08,-1.6E-03
1.534708E-08,-1.6E-03
1.535020E-08,-1.6E-03
1.535333E-08,-1.6E-03
1.535645E-08,-1.6E-03
1.535958E-08,-1.5E-03
1.536270E-08,-1.5E-03
1.536583E-08,-1.5E-03
1.536895E-08,-1.5E-03
1.537208E-08,-1.5E-03
1.537520E-08,-1.5E-03
1.537833E-08,-1.4E-03
1.538145E-08,-1.4E-03
1.538458E-08,-1.4E-03
1.538770E-08,-1.4E-03
1.539083E-08,-1.4E-03
1.539395E-08,-1.3E-03
1.539708E-08,-1.3E-03
1.540020E-08,-1.3E-03
1.540333E-08,-1.3E-03
1.540645E-08,-1.3E-03
1.540958E-08,-1.2E-03
1.541270E-08,-1.2E-03
1.541583E-08,-1.2E-03
1.541895E-08,-1.1E-03
1.542208E-08,-1.1E-03
1.542520E-08,-1.1E-03
1.542833E-08,-1.1E-03
1.543145E-08,-1.0E-03
1.543458E-08,-1.0E-03
1.543770E-08,-1.0E-03
1.544083E-08,-9E-04
1.544395E-08,-9E-04
1.544708E-08,-9E-04
1.545020E-08,-9E-04
1.545333E-08,-8E-04
1.545645E-08,-8E-04
1.545958E-08,-8E-04
1.546270E-08,-7E-04
1.546583E-08,-7E-04
1.546895E-08,-7E-04
1.547208E-08,-6E-04
1.547520E-08,-6E-04
1.547833E-08,-6E-04
1.548145E-08,-5E-04
1.548458E-08,-5E-04
1.548770E-08,-4E-04
1.549083E-08,-4E-04
1.549395E-08,-4E-04
1.549708E-08,-4E-04
1.550020E-08,-3E-04
1.550333E-08,-3E-04
1.550645E-08,-3E-04
1.550958E-08,-2E-04
1.551270E-08,-2E-04
1.551583E-08,-1E-04
1.551895E-08,-1E-04
1.552208E-08,-1E-04
1.552520E-08,0.0E+00
1.552833E-08,0.0E+00
1.553145E-08,0.0E+00
1.553458E-08,1E-04
1.553770E-08,1E-04
1.554083E-08,1E-04
1.554395E-08,1E-04
1.554708E-08,2E-04
1.555020E-08,2E-04
1.555333E-08,2E-04
1.555645E-08,3E-04
1.555958E-08,3E-04
1.556270E-08,3E-04
1.556583E-08,4E-04
1.556895E-08,4E-04
1.557208E-08,4E-04
1.557520E-08,4E-04
1.557833E-08,5E-04
1.558145E-08,5E-04
1.558458E-08,5E-04
1.558770E-08,5E-04
1.559083E-08,6E-04
1.559395E-08,6E-04
1.559708E-08,6E-04
1.560020E-08,6E-04
1.560333E-08,6E-04
1.560645E-08,7E-04
1.560958E-08,7E-04
1.561270E-08,7E-04
1.561583E-08,7E-04
1.561895E-08,8E-04
1.562208E-08,8E-04
1.562520E-08,8E-04
1.562833E-08,8E-04
1.563145E-08,8E-04
1.563458E-08,8E-04
1.563770E-08,8E-04
1.564083E-08,9E-04
1.564395E-08,9E-04
1.564708E-08,9E-04
1.565020E-08,9E-04
1.565333E-08,9E-04
1.565645E-08,9E-04
1.565958E-08,9E-04
1.566270E-08,9E-04
1.566583E-08,9E-04
1.566895E-08,9E-04
1.567208E-08,9E-04
1.567520E-08,9E-04
1.567833E-08,9E-04
1.568145E-08,9E-04
1.568458E-08,9E-04
1.568770E-08,9E-04
1.569083E-08,9E-04
1.569395E-08,9E-04
1.569708E-08,9E-04
1.570020E-08,9E-04
1.570333E-08,9E-04
1.570645E-08,9E-04
1.570958E-08,9E-04
1.571270E-08,9E-04
1.571583E-08,9E-04
1.571895E-08,9E-04
1.572208E-08,9E-04
1.572520E-08,9E-04
1.572833E-08,9E-04
1.573145E-08,8E-04
1.573458E-08,8E-04
1.573770E-08,8E-04
1.574083E-08,8E-04
1.574395E-08,8E-04
1.574708E-08,8E-04
1.575020E-08,8E-04
1.575333E-08,7E-04
1.575645E-08,7E-04
1.575958E-08,7E-04
1.576270E-08,7E-04
1.576583E-08,6E-04
1.576895E-08,6E-04
1.577208E-08,6E-04
1.577520E-08,6E-04
1.577833E-08,5E-04
1.578145E-08,5E-04
1.578458E-08,5E-04
1.578770E-08,4E-04
1.579083E-08,4E-04
1.579395E-08,4E-04
1.579708E-08,3E-04
1.580020E-08,3E-04
1.580333E-08,3E-04
1.580645E-08,3E-04
1.580958E-08,2E-04
1.581270E-08,2E-04
1.581583E-08,1E-04
1.581895E-08,1E-04
1.582208E-08,1E-04
1.582520E-08,0.0E+00
1.582833E-08,0.0E+00
1.583145E-08,-1E-04
1.583458E-08,-1E-04
1.583770E-08,-1E-04
1.584083E-08,-2E-04
1.584395E-08,-2E-04
1.584708E-08,-3E-04
1.585020E-08,-3E-04
1.585333E-08,-4E-04
1.585645E-08,-4E-04
1.585958E-08,-4E-04
1.586270E-08,-5E-04
1.586583E-08,-5E-04
1.586895E-08,-6E-04
1.587208E-08,-6E-04
1.587520E-08,-7E-04
1.587833E-08,-7E-04
1.588145E-08,-8E-04
1.588458E-08,-8E-04
1.588770E-08,-8E-04
1.589083E-08,-9E-04
1.589395E-08,-9E-04
1.589708E-08,-1.0E-03
1.590020E-08,-1.0E-03
1.590333E-08,-1.1E-03
1.590645E-08,-1.1E-03
1.590958E-08,-1.2E-03
1.591270E-08,-1.2E-03
1.591583E-08,-1.3E-03
1.591895E-08,-1.3E-03
1.592208E-08,-1.3E-03
1.592520E-08,-1.4E-03
1.592833E-08,-1.4E-03
1.593145E-08,-1.5E-03
1.593458E-08,-1.5E-03
1.593770E-08,-1.6E-03
1.594083E-08,-1.6E-03
1.594395E-08,-1.6E-03
1.594708E-08,-1.7E-03
1.595020E-08,-1.7E-03
1.595333E-08,-1.8E-03
1.595645E-08,-1.8E-03
1.595958E-08,-1.8E-03
1.596270E-08,-1.9E-03
1.596583E-08,-1.9E-03
1.596895E-08,-1.9E-03
1.597208E-08,-2.0E-03
1.597520E-08,-2.0E-03
1.597833E-08,-2.1E-03
1.598145E-08,-2.1E-03
1.598458E-08,-2.1E-03
1.598770E-08,-2.2E-03
1.599083E-08,-2.2E-03
1.599395E-08,-2.2E-03
1.599708E-08,-2.2E-03
1.600020E-08,-2.3E-03
1.600333E-08,-2.3E-03
1.600645E-08,-2.3E-03
1.600958E-08,-2.3E-03
1.601270E-08,-2.4E-03
1.601583E-08,-2.4E-03
1.601895E-08,-2.4E-03
1.602208E-08,-2.4E-03
1.602520E-08,-2.5E-03
1.602833E-08,-2.5E-03
1.603145E-08,-2.5E-03
1.603458E-08,-2.5E-03
1.603770E-08,-2.5E-03
1.604083E-08,-2.5E-03
1.604395E-08,-2.5E-03
1.604708E-08,-2.6E-03
1.605020E-08,-2.6E-03
1.605333E-08,-2.6E-03
1.605645E-08,-2.6E-03
1.605958E-08,-2.6E-03
1.606270E-08,-2.6E-03
1.606583E-08,-2.6E-03
1.606895E-08,-2.6E-03
1.607208E-08,-2.6E-03
1.607520E-08,-2.6E-03
1.607833E-08,-2.6E-03
1.608145E-08,-2.6E-03
1.608458E-08,-2.6E-03
1.608770E-08,-2.6E-03
1.609083E-08,-2.6E-03
1.609395E-08,-2.6E-03
1.609708E-08,-2.6E-03
1.610020E-08,-2.6E-03
1.610333E-08,-2.6E-03
1.610645E-08,-2.6E-03
1.610958E-08,-2.6E-03
1.611270E-08,-2.6E-03
1.611583E-08,-2.6E-03
1.611895E-08,-2.6E-03
1.612208E-08,-2.6E-03
1.612520E-08,-2.5E-03
1.612833E-08,-2.5E-03
1.613145E-08,-2.5E-03
1.613458E-08,-2.5E-03
1.613770E-08,-2.5E-03
1.614083E-08,-2.5E-03
1.614395E-08,-2.5E-03
1.614708E-08,-2.5E-03
1.615020E-08,-2.5E-03
1.615333E-08,-2.5E-03
1.615645E-08,-2.5E-03
1.615958E-08,-2.5E-03
1.616270E-08,-2.4E-03
1.616583E-08,-2.4E-03
1.616895E-08,-2.4E-03
1.617208E-08,-2.4E-03
1.617520E-08,-2.4E-03
1.617833E-08,-2.4E-03
1.618145E-08,-2.4E-03
1.618458E-08,-2.4E-03
1.618770E-08,-2.3E-03
1.619083E-08,-2.3E-03
1.619395E-08,-2.3E-03
1.619708E-08,-2.3E-03
1.620020E-08,-2.3E-03
1.620333E-08,-2.3E-03
1.620645E-08,-2.3E-03
1.620958E-08,-2.3E-03
1.621270E-08,-2.3E-03
1.621583E-08,-2.3E-03
1.621895E-08,-2.3E-03
1.622208E-08,-2.3E-03
1.622520E-08,-2.3E-03
1.622833E-08,-2.3E-03
1.623145E-08,-2.3E-03
1.623458E-08,-2.3E-03
1.623770E-08,-2.3E-03
1.624083E-08,-2.3E-03
1.624395E-08,-2.3E-03
1.624708E-08,-2.3E-03
1.625020E-08,-2.3E-03
1.625333E-08,-2.3E-03
1.625645E-08,-2.3E-03
1.625958E-08,-2.3E-03
1.626270E-08,-2.3E-03
1.626583E-08,-2.3E-03
1.626895E-08,-2.3E-03
1.627208E-08,-2.3E-03
1.627520E-08,-2.3E-03
1.627833E-08,-2.4E-03
1.628145E-08,-2.4E-03
1.628458E-08,-2.4E-03
1.628770E-08,-2.4E-03
1.629083E-08,-2.4E-03
1.629395E-08,-2.4E-03
1.629708E-08,-2.5E-03
1.630020E-08,-2.5E-03
1.630333E-08,-2.5E-03
1.630645E-08,-2.5E-03
1.630958E-08,-2.5E-03
1.631270E-08,-2.6E-03
1.631583E-08,-2.6E-03
1.631895E-08,-2.6E-03
1.632208E-08,-2.6E-03
1.632520E-08,-2.7E-03
1.632833E-08,-2.7E-03
1.633145E-08,-2.7E-03
1.633458E-08,-2.8E-03
1.633770E-08,-2.8E-03
1.634083E-08,-2.8E-03
1.634395E-08,-2.8E-03
1.634708E-08,-2.9E-03
1.635020E-08,-2.9E-03
1.635333E-08,-3.0E-03
1.635645E-08,-3.0E-03
1.635958E-08,-3.0E-03
1.636270E-08,-3.1E-03
1.636583E-08,-3.1E-03
1.636895E-08,-3.1E-03
1.637208E-08,-3.2E-03
1.637520E-08,-3.2E-03
1.637833E-08,-3.3E-03
1.638145E-08,-3.3E-03
1.638458E-08,-3.3E-03
1.638770E-08,-3.4E-03
1.639083E-08,-3.4E-03
1.639395E-08,-3.4E-03
1.639708E-08,-3.5E-03
1.640020E-08,-3.5E-03
1.640333E-08,-3.6E-03
1.640645E-08,-3.6E-03
1.640958E-08,-3.6E-03
1.641270E-08,-3.7E-03
1.641583E-08,-3.7E-03
1.641895E-08,-3.8E-03
1.642208E-08,-3.8E-03
1.642520E-08,-3.8E-03
1.642833E-08,-3.9E-03
1.643145E-08,-3.9E-03
1.643458E-08,-4.0E-03
1.643770E-08,-4.0E-03
1.644083E-08,-4.0E-03
1.644395E-08,-4.1E-03
1.644708E-08,-4.1E-03
1.645020E-08,-4.1E-03
1.645333E-08,-4.2E-03
1.645645E-08,-4.2E-03
1.645958E-08,-4.3E-03
1.646270E-08,-4.3E-03
1.646583E-08,-4.3E-03
1.646895E-08,-4.4E-03
1.647208E-08,-4.4E-03
1.647520E-08,-4.4E-03
1.647833E-08,-4.5E-03
1.648145E-08,-4.5E-03
1.648458E-08,-4.5E-03
1.648770E-08,-4.6E-03
1.649083E-08,-4.6E-03
1.649395E-08,-4.6E-03
1.649708E-08,-4.6E-03
1.650020E-08,-4.7E-03
1.650333E-08,-4.7E-03
1.650645E-08,-4.7E-03
1.650958E-08,-4.7E-03
1.651270E-08,-4.8E-03
1.651583E-08,-4.8E-03
1.651895E-08,-4.8E-03
1.652208E-08,-4.8E-03
1.652520E-08,-4.8E-03
1.652833E-08,-4.8E-03
1.653145E-08,-4.9E-03
1.653458E-08,-4.9E-03
1.653770E-08,-4.9E-03
1.654083E-08,-4.9E-03
1.654395E-08,-4.9E-03
1.654708E-08,-4.9E-03
1.655020E-08,-4.9E-03
1.655333E-08,-4.9E-03
1.655645E-08,-4.9E-03
1.655958E-08,-5.0E-03
1.656270E-08,-5.0E-03
1.656583E-08,-5.0E-03
1.656895E-08,-5.0E-03
1.657208E-08,-5.0E-03
1.657520E-08,-5.0E-03
1.657833E-08,-5.0E-03
1.658145E-08,-5.0E-03
1.658458E-08,-5.0E-03
1.658770E-08,-5.0E-03
1.659083E-08,-5.0E-03
1.659395E-08,-5.0E-03
1.659708E-08,-5.0E-03
1.660020E-08,-5.0E-03
1.660333E-08,-5.0E-03
1.660645E-08,-5.0E-03
1.660958E-08,-5.0E-03
1.661270E-08,-5.0E-03
1.661583E-08,-5.0E-03
1.661895E-08,-5.0E-03
1.662208E-08,-5.0E-03
1.662520E-08,-5.0E-03
1.662833E-08,-5.0E-03
1.663145E-08,-5.0E-03
1.663458E-08,-5.0E-03
1.663770E-08,-4.9E-03
1.664083E-08,-4.9E-03
1.664395E-08,-4.9E-03
1.664708E-08,-4.9E-03
1.665020E-08,-4.9E-03
1.665333E-08,-4.9E-03
1.665645E-08,-4.9E-03
1.665958E-08,-4.9E-03
1.666270E-08,-4.9E-03
1.666583E-08,-4.9E-03
1.666895E-08,-4.9E-03
1.667208E-08,-4.9E-03
1.667520E-08,-4.9E-03
1.667833E-08,-4.9E-03
1.668145E-08,-4.9E-03
1.668458E-08,-4.9E-03
1.668770E-08,-4.9E-03
1.669083E-08,-4.9E-03
1.669395E-08,-4.9E-03
1.669708E-08,-4.9E-03
1.670020E-08,-4.9E-03
1.670333E-08,-4.9E-03
1.670645E-08,-4.9E-03
1.670958E-08,-4.9E-03
1.671270E-08,-4.9E-03
1.671583E-08,-5.0E-03
1.671895E-08,-5.0E-03
1.672208E-08,-5.0E-03
1.672520E-08,-5.0E-03
1.672833E-08,-5.0E-03
1.673145E-08,-5.0E-03
1.673458E-08,-5.0E-03
1.673770E-08,-5.0E-03
1.674083E-08,-5.0E-03
1.674395E-08,-5.1E-03
1.674708E-08,-5.1E-03
1.675020E-08,-5.1E-03
1.675333E-08,-5.1E-03
1.675645E-08,-5.2E-03
1.675958E-08,-5.2E-03
1.676270E-08,-5.2E-03
1.676583E-08,-5.3E-03
1.676895E-08,-5.3E-03
1.677208E-08,-5.4E-03
1.677520E-08,-5.4E-03
1.677833E-08,-5.4E-03
1.678145E-08,-5.5E-03
1.678458E-08,-5.5E-03
1.678770E-08,-5.5E-03
1.679083E-08,-5.5E-03
1.679395E-08,-5.5E-03
1.679708E-08,-5.6E-03
1.680020E-08,-5.6E-03
1.680333E-08,-5.7E-03
1.680645E-08,-5.7E-03
1.680958E-08,-5.8E-03
1.681270E-08,-5.8E-03
1.681583E-08,-5.9E-03
1.681895E-08,-6.0E-03
1.682208E-08,-6.0E-03
1.682520E-08,-6.1E-03
1.682833E-08,-6.1E-03
1.683145E-08,-6.1E-03
1.683458E-08,-6.2E-03
1.683770E-08,-6.2E-03
1.684083E-08,-6.2E-03
1.684395E-08,-6.3E-03
1.684708E-08,-6.3E-03
1.685020E-08,-6.4E-03
1.685333E-08,-6.4E-03
1.685645E-08,-6.5E-03
1.685958E-08,-6.5E-03
1.686270E-08,-6.6E-03
1.686583E-08,-6.7E-03
1.686895E-08,-6.7E-03
1.687208E-08,-6.8E-03
1.687520E-08,-6.9E-03
1.687833E-08,-6.9E-03
1.688145E-08,-6.9E-03
1.688458E-08,-6.9E-03
1.688770E-08,-7.0E-03
1.689083E-08,-7.0E-03
1.689395E-08,-7.0E-03
1.689708E-08,-7.0E-03
1.690020E-08,-7.1E-03
1.690333E-08,-7.1E-03
1.690645E-08,-7.2E-03
1.690958E-08,-7.2E-03
1.691270E-08,-7.3E-03
1.691583E-08,-7.3E-03
1.691895E-08,-7.4E-03
1.692208E-08,-7.4E-03
1.692520E-08,-7.5E-03
1.692833E-08,-7.5E-03
1.693145E-08,-7.5E-03
1.693458E-08,-7.5E-03
1.693770E-08,-7.5E-03
1.694083E-08,-7.4E-03
1.694395E-08,-7.4E-03
1.694708E-08,-7.4E-03
1.695020E-08,-7.4E-03
1.695333E-08,-7.5E-03
1.695645E-08,-7.5E-03
1.695958E-08,-7.5E-03
1.696270E-08,-7.5E-03
1.696583E-08,-7.5E-03
1.696895E-08,-7.5E-03
1.697208E-08,-7.5E-03
1.697520E-08,-7.5E-03
1.697833E-08,-7.5E-03
1.698145E-08,-7.4E-03
1.698458E-08,-7.4E-03
1.698770E-08,-7.3E-03
1.699083E-08,-7.2E-03
1.699395E-08,-7.2E-03
1.699708E-08,-7.1E-03
1.700020E-08,-7.0E-03
1.700333E-08,-7.0E-03
1.700645E-08,-7.0E-03
1.700958E-08,-6.9E-03
1.701270E-08,-6.9E-03
1.701583E-08,-6.8E-03
1.701895E-08,-6.8E-03
1.702208E-08,-6.7E-03
1.702520E-08,-6.6E-03
1.702833E-08,-6.5E-03
1.703145E-08,-6.4E-03
1.703458E-08,-6.3E-03
1.703770E-08,-6.1E-03
1.704083E-08,-6.0E-03
1.704395E-08,-5.8E-03
1.704708E-08,-5.7E-03
1.705020E-08,-5.6E-03
1.705333E-08,-5.5E-03
1.705645E-08,-5.3E-03
1.705958E-08,-5.2E-03
1.706270E-08,-5.1E-03
1.706583E-08,-5.0E-03
1.706895E-08,-4.9E-03
1.707208E-08,-4.7E-03
1.707520E-08,-4.6E-03
1.707833E-08,-4.4E-03
1.708145E-08,-4.2E-03
1.708458E-08,-4.0E-03
1.708770E-08,-3.8E-03
1.709083E-08,-3.5E-03
1.709395E-08,-3.3E-03
1.709708E-08,-3.1E-03
1.710020E-08,-2.9E-03
1.710333E-08,-2.7E-03
1.710645E-08,-2.5E-03
1.710958E-08,-2.3E-03
1.711270E-08,-2.1E-03
1.711583E-08,-1.9E-03
1.711895E-08,-1.7E-03
1.712208E-08,-1.5E-03
1.712520E-08,-1.3E-03
1.712833E-08,-1.0E-03
1.713145E-08,-7E-04
1.713458E-08,-4E-04
1.713770E-08,-1E-04
1.714083E-08,2E-04
1.714395E-08,5E-04
1.714708E-08,8E-04
1.715020E-08,1.1E-03
1.715333E-08,1.4E-03
1.715645E-08,1.6E-03
1.715958E-08,1.9E-03
1.716270E-08,2.2E-03
1.716583E-08,2.5E-03
1.716895E-08,2.7E-03
1.717208E-08,3.0E-03
1.717520E-08,3.3E-03
1.717833E-08,3.7E-03
1.718145E-08,4.0E-03
1.718458E-08,4.4E-03
1.718770E-08,4.8E-03
1.719083E-08,5.2E-03
1.719395E-08,5.6E-03
1.719708E-08,6.0E-03
1.720020E-08,6.3E-03
1.720333E-08,6.7E-03
1.720645E-08,7.0E-03
1.720958E-08,7.4E-03
1.721270E-08,7.7E-03
1.721583E-08,8.1E-03
1.721895E-08,8.4E-03
1.722208E-08,8.8E-03
1.722520E-08,9.2E-03
1.722833E-08,9.6E-03
1.723145E-08,1.00E-02
1.723458E-08,1.05E-02
1.723770E-08,1.09E-02
1.724083E-08,1.14E-02
1.724395E-08,1.19E-02
1.724708E-08,1.23E-02
1.725020E-08,1.28E-02
1.725333E-08,1.32E-02
1.725645E-08,1.36E-02
1.725958E-08,1.41E-02
1.726270E-08,1.45E-02
1.726583E-08,1.49E-02
1.726895E-08,1.54E-02
1.727208E-08,1.58E-02
1.727520E-08,1.63E-02
1.727833E-08,1.68E-02
1.728145E-08,1.73E-02
1.728458E-08,1.78E-02
1.728770E-08,1.84E-02
1.729083E-08,1.89E-02
1.729395E-08,1.95E-02
1.729708E-08,2.00E-02
1.730020E-08,2.06E-02
1.730333E-08,2.11E-02
1.730645E-08,2.17E-02
1.730958E-08,2.22E-02
1.731270E-08,2.27E-02
1.731583E-08,2.33E-02
1.731895E-08,2.38E-02
1.732208E-08,2.44E-02
1.732520E-08,2.49E-02
1.732833E-08,2.55E-02
1.733145E-08,2.62E-02
1.733458E-08,2.68E-02
1.733770E-08,2.74E-02
1.734083E-08,2.81E-02
1.734395E-08,2.88E-02
1.734708E-08,2.95E-02
1.735020E-08,3.02E-02
1.735333E-08,3.08E-02
1.735645E-08,3.15E-02
1.735958E-08,3.21E-02
1.736270E-08,3.28E-02
1.736583E-08,3.35E-02
1.736895E-08,3.41E-02
1.737208E-08,3.48E-02
1.737520E-08,3.55E-02
1.737833E-08,3.63E-02
1.738145E-08,3.70E-02
1.738458E-08,3.78E-02
1.738770E-08,3.86E-02
1.739083E-08,3.94E-02
1.739395E-08,4.02E-02
1.739708E-08,4.10E-02
1.740020E-08,4.19E-02
1.740333E-08,4.27E-02
1.740645E-08,4.35E-02
1.740958E-08,4.43E-02
1.741270E-08,4.52E-02
1.741583E-08,4.60E-02
1.741895E-08,4.68E-02
1.742208E-08,4.77E-02
1.742520E-08,4.86E-02
1.742833E-08,4.95E-02
1.743145E-08,5.04E-02
1.743458E-08,5.13E-02
1.743770E-08,5.23E-02
1.744083E-08,5.33E-02
1.744395E-08,5.43E-02
1.744708E-08,5.53E-02
1.745020E-08,5.63E-02
1.745333E-08,5.74E-02
1.745645E-08,5.84E-02
1.745958E-08,5.94E-02
1.746270E-08,6.04E-02
1.746583E-08,6.14E-02
1.746895E-08,6.24E-02
1.747208E-08,6.35E-02
1.747520E-08,6.45E-02
1.747833E-08,6.56E-02
1.748145E-08,6.67E-02
1.748458E-08,6.78E-02
1.748770E-08,6.89E-02
1.749083E-08,7.01E-02
1.749395E-08,7.13E-02
1.749708E-08,7.25E-02
1.750020E-08,7.37E-02
1.750333E-08,7.49E-02
1.750645E-08,7.61E-02
1.750958E-08,7.73E-02
1.751270E-08,7.85E-02
1.751583E-08,7.98E-02
1.751895E-08,8.10E-02
1.752208E-08,8.22E-02
1.752520E-08,8.35E-02
1.752833E-08,8.47E-02
1.753145E-08,8.60E-02
1.753458E-08,8.74E-02
1.753770E-08,8.87E-02
1.754083E-08,9.00E-02
1.754395E-08,9.14E-02
1.754708E-08,9.28E-02
1.755020E-08,9.42E-02
1.755333E-08,9.56E-02
1.755645E-08,9.70E-02
1.755958E-08,9.84E-02
1.756270E-08,9.98E-02
1.756583E-08,1.012E-01
1.756895E-08,1.026E-01
1.757208E-08,1.040E-01
1.757520E-08,1.054E-01
1.757833E-08,1.068E-01
1.758145E-08,1.082E-01
1.758458E-08,1.097E-01
1.758770E-08,1.111E-01
1.759083E-08,1.126E-01
1.759395E-08,1.141E-01
1.759708E-08,1.156E-01
1.760020E-08,1.172E-01
1.760333E-08,1.187E-01
1.760645E-08,1.201E-01
1.760958E-08,1.216E-01
1.761270E-08,1.231E-01
1.761583E-08,1.246E-01
1.761895E-08,1.261E-01
1.762208E-08,1.277E-01
1.762520E-08,1.292E-01
1.762833E-08,1.307E-01
1.763145E-08,1.322E-01
1.763458E-08,1.338E-01
1.763770E-08,1.353E-01
1.764083E-08,1.369E-01
1.764395E-08,1.385E-01
1.764708E-08,1.401E-01
1.765020E-08,1.418E-01
1.765333E-08,1.434E-01
1.765645E-08,1.449E-01
1.765958E-08,1.465E-01
1.766270E-08,1.481E-01
1.766583E-08,1.497E-01
1.766895E-08,1.513E-01
1.767208E-08,1.528E-01
1.767520E-08,1.544E-01
1.767833E-08,1.560E-01
1.768145E-08,1.575E-01
1.768458E-08,1.591E-01
1.768770E-08,1.606E-01
1.769083E-08,1.621E-01
1.769395E-08,1.637E-01
1.769708E-08,1.653E-01
1.770020E-08,1.669E-01
1.770333E-08,1.684E-01
1.770645E-08,1.699E-01
1.770958E-08,1.714E-01
1.771270E-08,1.729E-01
1.771583E-08,1.744E-01
1.771895E-08,1.759E-01
1.772208E-08,1.774E-01
1.772520E-08,1.789E-01
1.772833E-08,1.804E-01
1.773145E-08,1.818E-01
1.773458E-08,1.833E-01
1.773770E-08,1.847E-01
1.774083E-08,1.862E-01
1.774395E-08,1.878E-01
1.774708E-08,1.893E-01
1.775020E-08,1.908E-01
1.775333E-08,1.923E-01
1.775645E-08,1.938E-01
1.775958E-08,1.953E-01
1.776270E-08,1.968E-01
1.776583E-08,1.983E-01
1.776895E-08,1.997E-01
1.777208E-08,2.012E-01
1.777520E-08,2.027E-01
1.777833E-08,2.041E-01
1.778145E-08,2.055E-01
1.778458E-08,2.069E-01
1.778770E-08,2.083E-01
1.779083E-08,2.097E-01
1.779395E-08,2.111E-01
1.779708E-08,2.125E-01
1.780020E-08,2.138E-01
1.780333E-08,2.151E-01
1.780645E-08,2.163E-01
1.780958E-08,2.176E-01
1.781270E-08,2.188E-01
1.781583E-08,2.200E-01
1.781895E-08,2.211E-01
1.782208E-08,2.222E-01
1.782520E-08,2.232E-01
1.782833E-08,2.241E-01
1.783145E-08,2.250E-01
1.783458E-08,2.258E-01
1.783770E-08,2.266E-01
1.784083E-08,2.275E-01
1.784395E-08,2.284E-01
1.784708E-08,2.294E-01
1.785020E-08,2.303E-01
1.785333E-08,2.312E-01
1.785645E-08,2.320E-01
1.785958E-08,2.329E-01
1.786270E-08,2.337E-01
1.786583E-08,2.346E-01
1.786895E-08,2.354E-01
1.787208E-08,2.364E-01
1.787520E-08,2.373E-01
1.787833E-08,2.382E-01
1.788145E-08,2.391E-01
1.788458E-08,2.398E-01
1.788770E-08,2.406E-01
1.789083E-08,2.415E-01
1.789395E-08,2.424E-01
1.789708E-08,2.433E-01
1.790020E-08,2.442E-01
1.790333E-08,2.450E-01
1.790645E-08,2.459E-01
1.790958E-08,2.468E-01
1.791270E-08,2.478E-01
1.791583E-08,2.487E-01
1.791895E-08,2.496E-01
1.792208E-08,2.506E-01
1.792520E-08,2.515E-01
1.792833E-08,2.525E-01
1.793145E-08,2.534E-01
1.793458E-08,2.543E-01
1.793770E-08,2.551E-01
1.794083E-08,2.560E-01
1.794395E-08,2.570E-01
1.794708E-08,2.579E-01
1.795020E-08,2.588E-01
1.795333E-08,2.597E-01
1.795645E-08,2.606E-01
1.795958E-08,2.615E-01
1.796270E-08,2.623E-01
1.796583E-08,2.632E-01
1.796895E-08,2.641E-01
1.797208E-08,2.650E-01
1.797520E-08,2.659E-01
1.797833E-08,2.669E-01
1.798145E-08,2.678E-01
1.798458E-08,2.686E-01
1.798770E-08,2.695E-01
1.799083E-08,2.703E-01
1.799395E-08,2.712E-01
1.799708E-08,2.721E-01
1.800020E-08,2.730E-01
1.800333E-08,2.738E-01
1.800645E-08,2.747E-01
1.800958E-08,2.756E-01
1.801270E-08,2.765E-01
1.801583E-08,2.774E-01
1.801895E-08,2.783E-01
1.802208E-08,2.792E-01
1.802520E-08,2.801E-01
1.802833E-08,2.810E-01
1.803145E-08,2.819E-01
1.803458E-08,2.827E-01
1.803770E-08,2.836E-01
1.804083E-08,2.844E-01
1.804395E-08,2.853E-01
1.804708E-08,2.862E-01
1.805020E-08,2.871E-01
1.805333E-08,2.880E-01
1.805645E-08,2.888E-01
1.805958E-08,2.897E-01
1.806270E-08,2.905E-01
1.806583E-08,2.913E-01
1.806895E-08,2.922E-01
1.807208E-08,2.931E-01
1.807520E-08,2.940E-01
1.807833E-08,2.949E-01
1.808145E-08,2.958E-01
1.808458E-08,2.966E-01
1.808770E-08,2.974E-01
1.809083E-08,2.982E-01
1.809395E-08,2.991E-01
1.809708E-08,2.999E-01
1.810020E-08,3.007E-01
1.810333E-08,3.015E-01
1.810645E-08,3.024E-01
1.810958E-08,3.032E-01
1.811270E-08,3.040E-01
1.811583E-08,3.048E-01
1.811895E-08,3.056E-01
1.812208E-08,3.065E-01
1.812520E-08,3.074E-01
1.812833E-08,3.083E-01
1.813145E-08,3.091E-01
1.813458E-08,3.098E-01
1.813770E-08,3.106E-01
1.814083E-08,3.114E-01
1.814395E-08,3.122E-01
1.814708E-08,3.130E-01
1.815020E-08,3.138E-01
1.815333E-08,3.145E-01
1.815645E-08,3.153E-01
1.815958E-08,3.161E-01
1.816270E-08,3.169E-01
1.816583E-08,3.176E-01
1.816895E-08,3.184E-01
1.817208E-08,3.193E-01
1.817520E-08,3.201E-01
1.817833E-08,3.209E-01
1.818145E-08,3.217E-01
1.818458E-08,3.225E-01
1.818770E-08,3.232E-01
1.819083E-08,3.239E-01
1.819395E-08,3.247E-01
1.819708E-08,3.254E-01
1.820020E-08,3.261E-01
1.820333E-08,3.268E-01
1.820645E-08,3.276E-01
1.820958E-08,3.283E-01
1.821270E-08,3.290E-01
1.821583E-08,3.297E-01
1.821895E-08,3.304E-01
1.822208E-08,3.312E-01
1.822520E-08,3.320E-01
1.822833E-08,3.328E-01
1.823145E-08,3.335E-01
1.823458E-08,3.341E-01
1.823770E-08,3.348E-01
1.824083E-08,3.355E-01
1.824395E-08,3.361E-01
1.824708E-08,3.368E-01
1.825020E-08,3.375E-01
1.825333E-08,3.381E-01
1.825645E-08,3.388E-01
1.825958E-08,3.394E-01
1.826270E-08,3.401E-01
1.826583E-08,3.408E-01
1.826895E-08,3.414E-01
1.827208E-08,3.421E-01
1.827520E-08,3.429E-01
1.827833E-08,3.436E-01
1.828145E-08,3.442E-01
1.828458E-08,3.448E-01
1.828770E-08,3.454E-01
1.829083E-08,3.460E-01
1.829395E-08,3.466E-01
1.829708E-08,3.472E-01
1.830020E-08,3.479E-01
1.830333E-08,3.484E-01
1.830645E-08,3.490E-01
1.830958E-08,3.496E-01
1.831270E-08,3.501E-01
1.831583E-08,3.507E-01
1.831895E-08,3.513E-01
1.832208E-08,3.519E-01
1.832520E-08,3.526E-01
1.832833E-08,3.532E-01
1.833145E-08,3.538E-01
1.833458E-08,3.543E-01
1.833770E-08,3.549E-01
1.834083E-08,3.554E-01
1.834395E-08,3.559E-01
1.834708E-08,3.564E-01
1.835020E-08,3.570E-01
1.835333E-08,3.575E-01
1.835645E-08,3.580E-01
1.835958E-08,3.584E-01
1.836270E-08,3.589E-01
1.836583E-08,3.594E-01
1.836895E-08,3.600E-01
1.837208E-08,3.605E-01
1.837520E-08,3.611E-01
1.837833E-08,3.616E-01
1.838145E-08,3.621E-01
1.838458E-08,3.626E-01
1.838770E-08,3.630E-01
1.839083E-08,3.635E-01
1.839395E-08,3.639E-01
1.839708E-08,3.644E-01
1.840020E-08,3.648E-01
1.840333E-08,3.652E-01
1.840645E-08,3.656E-01
1.840958E-08,3.660E-01
1.841270E-08,3.664E-01
1.841583E-08,3.668E-01
1.841895E-08,3.673E-01
1.842208E-08,3.678E-01
1.842520E-08,3.682E-01
1.842833E-08,3.687E-01
1.843145E-08,3.691E-01
1.843458E-08,3.695E-01
1.843770E-08,3.699E-01
1.844083E-08,3.702E-01
1.844395E-08,3.706E-01
1.844708E-08,3.710E-01
1.845020E-08,3.713E-01
1.845333E-08,3.717E-01
1.845645E-08,3.720E-01
1.845958E-08,3.723E-01
1.846270E-08,3.726E-01
1.846583E-08,3.730E-01
1.846895E-08,3.733E-01
1.847208E-08,3.737E-01
1.847520E-08,3.741E-01
1.847833E-08,3.745E-01
1.848145E-08,3.748E-01
1.848458E-08,3.751E-01
1.848770E-08,3.754E-01
1.849083E-08,3.757E-01
1.849395E-08,3.760E-01
1.849708E-08,3.763E-01
1.850020E-08,3.765E-01
1.850333E-08,3.768E-01
1.850645E-08,3.771E-01
1.850958E-08,3.773E-01
1.851270E-08,3.775E-01
1.851583E-08,3.778E-01
1.851895E-08,3.781E-01
1.852208E-08,3.784E-01
1.852520E-08,3.787E-01
1.852833E-08,3.790E-01
1.853145E-08,3.793E-01
1.853458E-08,3.795E-01
1.853770E-08,3.797E-01
1.854083E-08,3.799E-01
1.854395E-08,3.802E-01
1.854708E-08,3.804E-01
1.855020E-08,3.806E-01
1.855333E-08,3.808E-01
1.855645E-08,3.809E-01
1.855958E-08,3.811E-01
1.856270E-08,3.813E-01
1.856583E-08,3.815E-01
1.856895E-08,3.817E-01
1.857208E-08,3.819E-01
1.857520E-08,3.822E-01
1.857833E-08,3.824E-01
1.858145E-08,3.826E-01
1.858458E-08,3.828E-01
1.858770E-08,3.829E-01
1.859083E-08,3.831E-01
1.859395E-08,3.832E-01
1.859708E-08,3.834E-01
1.860020E-08,3.835E-01
1.860333E-08,3.836E-01
1.860645E-08,3.837E-01
1.860958E-08,3.839E-01
1.861270E-08,3.840E-01
1.861583E-08,3.841E-01
1.861895E-08,3.843E-01
1.862208E-08,3.844E-01
1.862520E-08,3.846E-01
1.862833E-08,3.848E-01
1.863145E-08,3.849E-01
1.863458E-08,3.850E-01
1.863770E-08,3.851E-01
1.864083E-08,3.852E-01
1.864395E-08,3.853E-01
1.864708E-08,3.854E-01
1.865020E-08,3.855E-01
1.865333E-08,3.856E-01
1.865645E-08,3.857E-01
1.865958E-08,3.857E-01
1.866270E-08,3.858E-01
1.866583E-08,3.859E-01
1.866895E-08,3.860E-01
1.867208E-08,3.861E-01
1.867520E-08,3.862E-01
1.867833E-08,3.864E-01
1.868145E-08,3.864E-01
1.868458E-08,3.865E-01
1.868770E-08,3.866E-01
1.869083E-08,3.866E-01
1.869395E-08,3.867E-01
1.869708E-08,3.867E-01
1.870020E-08,3.868E-01
1.870333E-08,3.868E-01
1.870645E-08,3.868E-01
1.870958E-08,3.869E-01
1.871270E-08,3.869E-01
1.871583E-08,3.869E-01
1.871895E-08,3.870E-01
1.872208E-08,3.871E-01
1.872520E-08,3.872E-01
1.872833E-08,3.872E-01
1.873145E-08,3.873E-01
1.873458E-08,3.873E-01
1.873770E-08,3.873E-01
1.874083E-08,3.873E-01
1.874395E-08,3.874E-01
1.874708E-08,3.874E-01
1.875020E-08,3.874E-01
1.875333E-08,3.874E-01
1.875645E-08,3.874E-01
1.875958E-08,3.874E-01
1.876270E-08,3.874E-01
1.876583E-08,3.874E-01
1.876895E-08,3.875E-01
1.877208E-08,3.875E-01
1.877520E-08,3.875E-01
1.877833E-08,3.876E-01
1.878145E-08,3.876E-01
1.878458E-08,3.876E-01
1.878770E-08,3.876E-01
1.879083E-08,3.876E-01
1.879395E-08,3.876E-01
1.879708E-08,3.876E-01
1.880020E-08,3.876E-01
1.880333E-08,3.876E-01
1.880645E-08,3.876E-01
1.880958E-08,3.875E-01
1.881270E-08,3.875E-01
1.881583E-08,3.875E-01
1.881895E-08,3.875E-01
1.882208E-08,3.875E-01
1.882520E-08,3.876E-01
1.882833E-08,3.876E-01
1.883145E-08,3.876E-01
1.883458E-08,3.876E-01
1.883770E-08,3.876E-01
1.884083E-08,3.875E-01
1.884395E-08,3.875E-01
1.884708E-08,3.875E-01
1.885020E-08,3.875E-01
1.885333E-08,3.875E-01
1.885645E-08,3.875E-01
1.885958E-08,3.874E-01
1.886270E-08,3.874E-01
1.886583E-08,3.874E-01
1.886895E-08,3.874E-01
1.887208E-08,3.874E-01
1.887520E-08,3.874E-01
1.887833E-08,3.874E-01
1.888145E-08,3.874E-01
1.888458E-08,3.874E-01
1.888770E-08,3.874E-01
1.889083E-08,3.873E-01
1.889395E-08,3.873E-01
1.889708E-08,3.873E-01
1.890020E-08,3.873E-01
1.890333E-08,3.873E-01
1.890645E-08,3.873E-01
1.890958E-08,3.872E-01
1.891270E-08,3.872E-01
1.891583E-08,3.872E-01
1.891895E-08,3.872E-01
1.892208E-08,3.872E-01
1.892520E-08,3.872E-01
1.892833E-08,3.872E-01
1.893145E-08,3.872E-01
1.893458E-08,3.872E-01
1.893770E-08,3.872E-01
1.894083E-08,3.872E-01
1.894395E-08,3.872E-01
1.894708E-08,3.872E-01
1.895020E-08,3.872E-01
1.895333E-08,3.871E-01
1.895645E-08,3.871E-01
1.895958E-08,3.871E-01
1.896270E-08,3.871E-01
1.896583E-08,3.871E-01
1.896895E-08,3.871E-01
1.897208E-08,3.871E-01
1.897520E-08,3.872E-01
1.897833E-08,3.872E-01
1.898145E-08,3.872E-01
1.898458E-08,3.872E-01
1.898770E-08,3.872E-01
1.899083E-08,3.872E-01
1.899395E-08,3.872E-01
1.899708E-08,3.872E-01
1.900020E-08,3.872E-01
1.900333E-08,3.872E-01
1.900645E-08,3.872E-01
1.900958E-08,3.872E-01
1.901270E-08,3.873E-01
1.901583E-08,3.873E-01
1.901895E-08,3.873E-01
1.902208E-08,3.873E-01
1.902520E-08,3.874E-01
1.902833E-08,3.874E-01
1.903145E-08,3.874E-01
1.903458E-08,3.874E-01
1.903770E-08,3.875E-01
1.904083E-08,3.875E-01
1.904395E-08,3.875E-01
1.904708E-08,3.875E-01
1.905020E-08,3.876E-01
1.905333E-08,3.876E-01
1.905645E-08,3.876E-01
1.905958E-08,3.876E-01
1.906270E-08,3.877E-01
1.906583E-08,3.877E-01
1.906895E-08,3.877E-01
1.907208E-08,3.878E-01
1.907520E-08,3.878E-01
1.907833E-08,3.879E-01
1.908145E-08,3.879E-01
1.908458E-08,3.880E-01
1.908770E-08,3.880E-01
1.909083E-08,3.880E-01
1.909395E-08,3.881E-01
1.909708E-08,3.881E-01
1.910020E-08,3.882E-01
1.910333E-08,3.882E-01
1.910645E-08,3.883E-01
1.910958E-08,3.883E-01
1.911270E-08,3.884E-01
1.911583E-08,3.884E-01
1.911895E-08,3.885E-01
1.912208E-08,3.885E-01
1.912520E-08,3.886E-01
1.912833E-08,3.886E-01
1.913145E-08,3.887E-01
1.913458E-08,3.887E-01
1.913770E-08,3.888E-01
1.914083E-08,3.888E-01
1.914395E-08,3.889E-01
1.914708E-08,3.890E-01
1.915020E-08,3.890E-01
1.915333E-08,3.891E-01
1.915645E-08,3.891E-01
1.915958E-08,3.892E-01
1.916270E-08,3.892E-01
1.916583E-08,3.893E-01
1.916895E-08,3.894E-01
1.917208E-08,3.894E-01
1.917520E-08,3.895E-01
1.917833E-08,3.895E-01
1.918145E-08,3.896E-01
1.918458E-08,3.897E-01
1.918770E-08,3.897E-01
1.919083E-08,3.898E-01
1.919395E-08,3.898E-01
1.919708E-08,3.899E-01
1.920020E-08,3.900E-01
1.920333E-08,3.900E-01
1.920645E-08,3.901E-01
1.920958E-08,3.901E-01
1.921270E-08,3.902E-01
1.921583E-08,3.903E-01
1.921895E-08,3.903E-01
1.922208E-08,3.904E-01
1.922520E-08,3.904E-01
1.922833E-08,3.905E-01
1.923145E-08,3.905E-01
1.923458E-08,3.906E-01
1.923770E-08,3.907E-01
1.924083E-08,3.907E-01
1.924395E-08,3.908E-01
1.924708E-08,3.908E-01
1.925020E-08,3.909E-01
1.925333E-08,3.909E-01
1.925645E-08,3.910E-01
1.925958E-08,3.910E-01
1.926270E-08,3.911E-01
1.926583E-08,3.911E-01
1.926895E-08,3.912E-01
1.927208E-08,3.912E-01
1.927520E-08,3.913E-01
1.927833E-08,3.913E-01
1.928145E-08,3.914E-01
1.928458E-08,3.914E-01
1.928770E-08,3.915E-01
1.929083E-08,3.915E-01
1.929395E-08,3.915E-01
1.929708E-08,3.916E-01
1.930020E-08,3.916E-01
1.930333E-08,3.916E-01
1.930645E-08,3.917E-01
1.930958E-08,3.917E-01
1.931270E-08,3.917E-01
1.931583E-08,3.918E-01
1.931895E-08,3.918E-01
1.932208E-08,3.918E-01
1.932520E-08,3.919E-01
1.932833E-08,3.919E-01
1.933145E-08,3.920E-01
1.933458E-08,3.920E-01
1.933770E-08,3.920E-01
1.934083E-08,3.920E-01
1.934395E-08,3.920E-01
1.934708E-08,3.921E-01
1.935020E-08,3.921E-01
1.935333E-08,3.921E-01
1.935645E-08,3.921E-01
1.935958E-08,3.922E-01
1.936270E-08,3.922E-01
1.936583E-08,3.922E-01
1.936895E-08,3.922E-01
1.937208E-08,3.922E-01
1.937520E-08,3.922E-01
1.937833E-08,3.923E-01
1.938145E-08,3.923E-01
1.938458E-08,3.923E-01
1.938770E-08,3.923E-01
1.939083E-08,3.923E-01
1.939395E-08,3.923E-01
1.939708E-08,3.923E-01
1.940020E-08,3.923E-01
1.940333E-08,3.923E-01
1.940645E-08,3.923E-01
1.940958E-08,3.923E-01
1.941270E-08,3.923E-01
1.941583E-08,3.923E-01
1.941895E-08,3.924E-01
1.942208E-08,3.924E-01
1.942520E-08,3.924E-01
1.942833E-08,3.924E-01
1.943145E-08,3.924E-01
1.943458E-08,3.924E-01
1.943770E-08,3.924E-01
1.944083E-08,3.924E-01
1.944395E-08,3.924E-01
1.944708E-08,3.923E-01
1.945020E-08,3.923E-01
1.945333E-08,3.923E-01
1.945645E-08,3.923E-01
1.945958E-08,3.923E-01
1.946270E-08,3.923E-01
1.946583E-08,3.923E-01
1.946895E-08,3.923E-01
1.947208E-08,3.923E-01
1.947520E-08,3.923E-01
1.947833E-08,3.923E-01
1.948145E-08,3.923E-01
1.948458E-08,3.923E-01
1.948770E-08,3.923E-01
1.949083E-08,3.923E-01
1.949395E-08,3.923E-01
1.949708E-08,3.923E-01
1.950020E-08,3.923E-01
1.950333E-08,3.922E-01
1.950645E-08,3.922E-01
1.950958E-08,3.922E-01
1.951270E-08,3.922E-01
1.951583E-08,3.922E-01
1.951895E-08,3.922E-01
1.952208E-08,3.923E-01
1.952520E-08,3.923E-01
1.952833E-08,3.923E-01
1.953145E-08,3.923E-01
1.953458E-08,3.923E-01
1.953770E-08,3.923E-01
1.954083E-08,3.923E-01
1.954395E-08,3.922E-01
1.954708E-08,3.922E-01
1.955020E-08,3.922E-01
1.955333E-08,3.922E-01
1.955645E-08,3.922E-01
1.955958E-08,3.922E-01
1.956270E-08,3.922E-01
1.956583E-08,3.922E-01
1.956895E-08,3.922E-01
1.957208E-08,3.922E-01
1.957520E-08,3.922E-01
1.957833E-08,3.923E-01
1.958145E-08,3.923E-01
1.958458E-08,3.923E-01
1.958770E-08,3.923E-01
1.959083E-08,3.923E-01
1.959395E-08,3.923E-01
1.959708E-08,3.922E-01
1.960020E-08,3.922E-01
1.960333E-08,3.922E-01
1.960645E-08,3.922E-01
1.960958E-08,3.922E-01
1.961270E-08,3.923E-01
1.961583E-08,3.923E-01
1.961895E-08,3.923E-01
1.962208E-08,3.923E-01
1.962520E-08,3.923E-01
1.962833E-08,3.923E-01
1.963145E-08,3.923E-01
1.963458E-08,3.924E-01
1.963770E-08,3.924E-01
1.964083E-08,3.924E-01
1.964395E-08,3.924E-01
1.964708E-08,3.923E-01
1.965020E-08,3.923E-01
1.965333E-08,3.923E-01
1.965645E-08,3.923E-01
1.965958E-08,3.923E-01
1.966270E-08,3.923E-01
1.966583E-08,3.924E-01
1.966895E-08,3.924E-01
1.967208E-08,3.924E-01
1.967520E-08,3.924E-01
1.967833E-08,3.924E-01
1.968145E-08,3.924E-01
1.968458E-08,3.924E-01
1.968770E-08,3.924E-01
1.969083E-08,3.924E-01
1.969395E-08,3.924E-01
1.969708E-08,3.924E-01
1.970020E-08,3.923E-01
1.970333E-08,3.923E-01
1.970645E-08,3.923E-01
1.970958E-08,3.923E-01
1.971270E-08,3.923E-01
1.971583E-08,3.923E-01
1.971895E-08,3.923E-01
1.972208E-08,3.923E-01
1.972520E-08,3.923E-01
1.972833E-08,3.923E-01
1.973145E-08,3.923E-01
1.973458E-08,3.923E-01
1.973770E-08,3.923E-01
1.974083E-08,3.923E-01
1.974395E-08,3.922E-01
1.974708E-08,3.922E-01
1.975020E-08,3.921E-01
1.975333E-08,3.921E-01
1.975645E-08,3.920E-01
1.975958E-08,3.920E-01
1.976270E-08,3.920E-01
1.976583E-08,3.920E-01
1.976895E-08,3.920E-01
1.977208E-08,3.920E-01
1.977520E-08,3.919E-01
1.977833E-08,3.919E-01
1.978145E-08,3.919E-01
1.978458E-08,3.919E-01
1.978770E-08,3.918E-01
1.979083E-08,3.918E-01
1.979395E-08,3.917E-01
1.979708E-08,3.916E-01
1.980020E-08,3.915E-01
1.980333E-08,3.915E-01
1.980645E-08,3.914E-01
1.980958E-08,3.914E-01
1.981270E-08,3.913E-01
1.981583E-08,3.913E-01
1.981895E-08,3.912E-01
1.982208E-08,3.912E-01
1.982520E-08,3.911E-01
1.982833E-08,3.911E-01
1.983145E-08,3.910E-01
1.983458E-08,3.909E-01
1.983770E-08,3.908E-01
1.984083E-08,3.907E-01
1.984395E-08,3.906E-01
1.984708E-08,3.905E-01
1.985020E-08,3.903E-01
1.985333E-08,3.902E-01
1.985645E-08,3.901E-01
1.985958E-08,3.900E-01
1.986270E-08,3.900E-01
1.986583E-08,3.899E-01
1.986895E-08,3.898E-01
1.987208E-08,3.897E-01
1.987520E-08,3.895E-01
1.987833E-08,3.894E-01
1.988145E-08,3.893E-01
1.988458E-08,3.892E-01
1.988770E-08,3.891E-01
1.989083E-08,3.889E-01
1.989395E-08,3.888E-01
1.989708E-08,3.886E-01
1.990020E-08,3.884E-01
1.990333E-08,3.882E-01
1.990645E-08,3.881E-01
1.990958E-08,3.879E-01
1.991270E-08,3.878E-01
1.991583E-08,3.876E-01
1.991895E-08,3.875E-01
1.992208E-08,3.873E-01
1.992520E-08,3.872E-01
1.992833E-08,3.870E-01
1.993145E-08,3.869E-01
1.993458E-08,3.867E-01
1.993770E-08,3.865E-01
1.994083E-08,3.863E-01
1.994395E-08,3.861E-01
1.994708E-08,3.858E-01
1.995020E-08,3.856E-01
1.995333E-08,3.854E-01
1.995645E-08,3.852E-01
1.995958E-08,3.850E-01
1.996270E-08,3.848E-01
1.996583E-08,3.846E-01
1.996895E-08,3.844E-01
1.997208E-08,3.842E-01
1.997520E-08,3.840E-01
1.997833E-08,3.837E-01
1.998145E-08,3.835E-01
1.998458E-08,3.833E-01
1.998770E-08,3.831E-01
1.999083E-08,3.828E-01
1.999395E-08,3.825E-01
1.999708E-08,3.822E-01
2.000020E-08,3.819E-01
2.000333E-08,3.817E-01
2.000645E-08,3.814E-01
2.000958E-08,3.812E-01
2.001270E-08,3.809E-01
2.001583E-08,3.807E-01
2.001895E-08,3.805E-01
2.002208E-08,3.802E-01
2.002520E-08,3.799E-01
2.002833E-08,3.797E-01
2.003145E-08,3.794E-01
2.003458E-08,3.791E-01
2.003770E-08,3.788E-01
2.004083E-08,3.785E-01
2.004395E-08,3.782E-01
2.004708E-08,3.778E-01
2.005020E-08,3.775E-01
2.005333E-08,3.772E-01
2.005645E-08,3.769E-01
2.005958E-08,3.766E-01
2.006270E-08,3.763E-01
2.006583E-08,3.760E-01
2.006895E-08,3.757E-01
2.007208E-08,3.754E-01
2.007520E-08,3.750E-01
2.007833E-08,3.747E-01
2.008145E-08,3.744E-01
2.008458E-08,3.740E-01
2.008770E-08,3.737E-01
2.009083E-08,3.733E-01
2.009395E-08,3.729E-01
2.009708E-08,3.725E-01
2.010020E-08,3.721E-01
2.010333E-08,3.717E-01
2.010645E-08,3.713E-01
2.010958E-08,3.710E-01
2.011270E-08,3.706E-01
2.011583E-08,3.703E-01
2.011895E-08,3.699E-01
2.012208E-08,3.695E-01
2.012520E-08,3.691E-01
2.012833E-08,3.687E-01
2.013145E-08,3.683E-01
2.013458E-08,3.679E-01
2.013770E-08,3.675E-01
2.014083E-08,3.670E-01
2.014395E-08,3.665E-01
2.014708E-08,3.660E-01
2.015020E-08,3.656E-01
2.015333E-08,3.651E-01
2.015645E-08,3.647E-01
2.015958E-08,3.643E-01
2.016270E-08,3.639E-01
2.016583E-08,3.635E-01
2.016895E-08,3.631E-01
2.017208E-08,3.626E-01
2.017520E-08,3.622E-01
2.017833E-08,3.617E-01
2.018145E-08,3.613E-01
2.018458E-08,3.608E-01
2.018770E-08,3.603E-01
2.019083E-08,3.598E-01
2.019395E-08,3.593E-01
2.019708E-08,3.588E-01
2.020020E-08,3.583E-01
2.020333E-08,3.578E-01
2.020645E-08,3.574E-01
2.020958E-08,3.570E-01
2.021270E-08,3.565E-01
2.021583E-08,3.561E-01
2.021895E-08,3.557E-01
2.022208E-08,3.552E-01
2.022520E-08,3.548E-01
2.022833E-08,3.543E-01
2.023145E-08,3.538E-01
2.023458E-08,3.533E-01
2.023770E-08,3.528E-01
2.024083E-08,3.523E-01
2.024395E-08,3.518E-01
2.024708E-08,3.513E-01
2.025020E-08,3.508E-01
2.025333E-08,3.503E-01
2.025645E-08,3.499E-01
2.025958E-08,3.494E-01
2.026270E-08,3.490E-01
2.026583E-08,3.486E-01
2.026895E-08,3.481E-01
2.027208E-08,3.477E-01
2.027520E-08,3.472E-01
2.027833E-08,3.467E-01
2.028145E-08,3.461E-01
2.028458E-08,3.456E-01
2.028770E-08,3.451E-01
2.029083E-08,3.446E-01
2.029395E-08,3.440E-01
2.029708E-08,3.434E-01
2.030020E-08,3.429E-01
2.030333E-08,3.423E-01
2.030645E-08,3.418E-01
2.030958E-08,3.413E-01
2.031270E-08,3.409E-01
2.031583E-08,3.403E-01
2.031895E-08,3.398E-01
2.032208E-08,3.393E-01
2.032520E-08,3.387E-01
2.032833E-08,3.381E-01
2.033145E-08,3.375E-01
2.033458E-08,3.370E-01
2.033770E-08,3.364E-01
2.034083E-08,3.357E-01
2.034395E-08,3.351E-01
2.034708E-08,3.345E-01
2.035020E-08,3.339E-01
2.035333E-08,3.333E-01
2.035645E-08,3.327E-01
2.035958E-08,3.321E-01
2.036270E-08,3.315E-01
2.036583E-08,3.309E-01
2.036895E-08,3.303E-01
2.037208E-08,3.297E-01
2.037520E-08,3.291E-01
2.037833E-08,3.284E-01
2.038145E-08,3.278E-01
2.038458E-08,3.272E-01
2.038770E-08,3.266E-01
2.039083E-08,3.259E-01
2.039395E-08,3.253E-01
2.039708E-08,3.246E-01
2.040020E-08,3.239E-01
2.040333E-08,3.232E-01
2.040645E-08,3.226E-01
2.040958E-08,3.220E-01
2.041270E-08,3.214E-01
2.041583E-08,3.208E-01
2.041895E-08,3.202E-01
2.042208E-08,3.195E-01
2.042520E-08,3.188E-01
2.042833E-08,3.181E-01
2.043145E-08,3.174E-01
2.043458E-08,3.168E-01
2.043770E-08,3.161E-01
2.044083E-08,3.154E-01
2.044395E-08,3.147E-01
2.044708E-08,3.140E-01
2.045020E-08,3.133E-01
2.045333E-08,3.127E-01
2.045645E-08,3.120E-01
2.045958E-08,3.114E-01
2.046270E-08,3.107E-01
2.046583E-08,3.101E-01
2.046895E-08,3.094E-01
2.047208E-08,3.087E-01
2.047520E-08,3.080E-01
2.047833E-08,3.073E-01
2.048145E-08,3.066E-01
2.048458E-08,3.059E-01
2.048770E-08,3.052E-01
2.049083E-08,3.045E-01
2.049395E-08,3.037E-01
2.049708E-08,3.029E-01
2.050020E-08,3.021E-01
2.050333E-08,3.014E-01
2.050645E-08,3.006E-01
2.050958E-08,2.999E-01
2.051270E-08,2.991E-01
2.051583E-08,2.983E-01
2.051895E-08,2.974E-01
2.052208E-08,2.965E-01
2.052520E-08,2.956E-01
2.052833E-08,2.947E-01
2.053145E-08,2.937E-01
2.053458E-08,2.927E-01
2.053770E-08,2.917E-01
2.054083E-08,2.907E-01
2.054395E-08,2.896E-01
2.054708E-08,2.886E-01
2.055020E-08,2.875E-01
2.055333E-08,2.864E-01
2.055645E-08,2.854E-01
2.055958E-08,2.843E-01
2.056270E-08,2.832E-01
2.056583E-08,2.821E-01
2.056895E-08,2.810E-01
2.057208E-08,2.798E-01
2.057520E-08,2.786E-01
2.057833E-08,2.774E-01
2.058145E-08,2.762E-01
2.058458E-08,2.750E-01
2.058770E-08,2.737E-01
2.059083E-08,2.725E-01
2.059395E-08,2.712E-01
2.059708E-08,2.699E-01
2.060020E-08,2.687E-01
2.060333E-08,2.674E-01
2.060645E-08,2.662E-01
2.060958E-08,2.649E-01
2.061270E-08,2.637E-01
2.061583E-08,2.624E-01
2.061895E-08,2.611E-01
2.062208E-08,2.598E-01
2.062520E-08,2.584E-01
2.062833E-08,2.571E-01
2.063145E-08,2.557E-01
2.063458E-08,2.543E-01
2.063770E-08,2.530E-01
2.064083E-08,2.516E-01
2.064395E-08,2.501E-01
2.064708E-08,2.487E-01
2.065020E-08,2.473E-01
2.065333E-08,2.459E-01
2.065645E-08,2.445E-01
2.065958E-08,2.431E-01
2.066270E-08,2.417E-01
2.066583E-08,2.403E-01
2.066895E-08,2.388E-01
2.067208E-08,2.373E-01
2.067520E-08,2.358E-01
2.067833E-08,2.343E-01
2.068145E-08,2.327E-01
2.068458E-08,2.312E-01
2.068770E-08,2.297E-01
2.069083E-08,2.282E-01
2.069395E-08,2.266E-01
2.069708E-08,2.251E-01
2.070020E-08,2.236E-01
2.070333E-08,2.221E-01
2.070645E-08,2.205E-01
2.070958E-08,2.190E-01
2.071270E-08,2.175E-01
2.071583E-08,2.160E-01
2.071895E-08,2.145E-01
2.072208E-08,2.129E-01
2.072520E-08,2.113E-01
2.072833E-08,2.097E-01
2.073145E-08,2.081E-01
2.073458E-08,2.066E-01
2.073770E-08,2.050E-01
2.074083E-08,2.035E-01
2.074395E-08,2.019E-01
2.074708E-08,2.003E-01
2.075020E-08,1.988E-01
2.075333E-08,1.973E-01
2.075645E-08,1.957E-01
2.075958E-08,1.942E-01
2.076270E-08,1.927E-01
2.076583E-08,1.912E-01
2.076895E-08,1.896E-01
2.077208E-08,1.880E-01
2.077520E-08,1.865E-01
2.077833E-08,1.849E-01
2.078145E-08,1.833E-01
2.078458E-08,1.818E-01
2.078770E-08,1.802E-01
2.079083E-08,1.787E-01
2.079395E-08,1.772E-01
2.079708E-08,1.757E-01
2.080020E-08,1.741E-01
2.080333E-08,1.726E-01
2.080645E-08,1.712E-01
2.080958E-08,1.697E-01
2.081270E-08,1.682E-01
2.081583E-08,1.667E-01
2.081895E-08,1.653E-01
2.082208E-08,1.638E-01
2.082520E-08,1.623E-01
2.082833E-08,1.608E-01
2.083145E-08,1.593E-01
2.083458E-08,1.579E-01
2.083770E-08,1.564E-01
2.084083E-08,1.550E-01
2.084395E-08,1.536E-01
2.084708E-08,1.522E-01
2.085020E-08,1.508E-01
2.085333E-08,1.494E-01
2.085645E-08,1.481E-01
2.085958E-08,1.467E-01
2.086270E-08,1.454E-01
2.086583E-08,1.440E-01
2.086895E-08,1.427E-01
2.087208E-08,1.413E-01
2.087520E-08,1.400E-01
2.087833E-08,1.386E-01
2.088145E-08,1.373E-01
2.088458E-08,1.360E-01
2.088770E-08,1.347E-01
2.089083E-08,1.335E-01
2.089395E-08,1.322E-01
2.089708E-08,1.309E-01
2.090020E-08,1.297E-01
2.090333E-08,1.285E-01
2.090645E-08,1.273E-01
2.090958E-08,1.261E-01
2.091270E-08,1.249E-01
2.091583E-08,1.237E-01
2.091895E-08,1.225E-01
2.092208E-08,1.213E-01
2.092520E-08,1.201E-01
2.092833E-08,1.189E-01
2.093145E-08,1.178E-01
2.093458E-08,1.166E-01
2.093770E-08,1.156E-01
2.094083E-08,1.145E-01
2.094395E-08,1.134E-01
2.094708E-08,1.123E-01
2.095020E-08,1.113E-01
2.095333E-08,1.102E-01
2.095645E-08,1.092E-01
2.095958E-08,1.082E-01
2.096270E-08,1.072E-01
2.096583E-08,1.061E-01
2.096895E-08,1.051E-01
2.097208E-08,1.041E-01
2.097520E-08,1.030E-01
2.097833E-08,1.020E-01
2.098145E-08,1.010E-01
2.098458E-08,1.001E-01
2.098770E-08,9.92E-02
2.099083E-08,9.83E-02
2.099395E-08,9.73E-02
2.099708E-08,9.64E-02
2.100020E-08,9.56E-02
2.100333E-08,9.47E-02
2.100645E-08,9.38E-02
2.100958E-08,9.29E-02
2.101270E-08,9.20E-02
2.101583E-08,9.11E-02
2.101895E-08,9.03E-02
2.102208E-08,8.94E-02
2.102520E-08,8.85E-02
2.102833E-08,8.76E-02
2.103145E-08,8.68E-02
2.103458E-08,8.60E-02
2.103770E-08,8.52E-02
2.104083E-08,8.45E-02
2.104395E-08,8.37E-02
2.104708E-08,8.30E-02
2.105020E-08,8.22E-02
2.105333E-08,8.15E-02
2.105645E-08,8.07E-02
2.105958E-08,8.00E-02
2.106270E-08,7.92E-02
2.106583E-08,7.84E-02
2.106895E-08,7.77E-02
2.107208E-08,7.69E-02
2.107520E-08,7.61E-02
2.107833E-08,7.54E-02
2.108145E-08,7.47E-02
2.108458E-08,7.40E-02
2.108770E-08,7.34E-02
2.109083E-08,7.27E-02
2.109395E-08,7.21E-02
2.109708E-08,7.14E-02
2.110020E-08,7.08E-02
2.110333E-08,7.01E-02
2.110645E-08,6.95E-02
2.110958E-08,6.88E-02
2.111270E-08,6.82E-02
2.111583E-08,6.75E-02
2.111895E-08,6.68E-02
2.112208E-08,6.62E-02
2.112520E-08,6.55E-02
2.112833E-08,6.48E-02
2.113145E-08,6.42E-02
2.113458E-08,6.36E-02
2.113770E-08,6.31E-02
2.114083E-08,6.25E-02
2.114395E-08,6.20E-02
2.114708E-08,6.14E-02
2.115020E-08,6.08E-02
2.115333E-08,6.03E-02
2.115645E-08,5.97E-02
2.115958E-08,5.91E-02
2.116270E-08,5.85E-02
2.116583E-08,5.79E-02
2.116895E-08,5.74E-02
2.117208E-08,5.68E-02
2.117520E-08,5.62E-02
2.117833E-08,5.56E-02
2.118145E-08,5.51E-02
2.118458E-08,5.46E-02
2.118770E-08,5.41E-02
2.119083E-08,5.36E-02
2.119395E-08,5.31E-02
2.119708E-08,5.26E-02
2.120020E-08,5.22E-02
2.120333E-08,5.17E-02
2.120645E-08,5.12E-02
2.120958E-08,5.07E-02
2.121270E-08,5.02E-02
2.121583E-08,4.96E-02
2.121895E-08,4.91E-02
2.122208E-08,4.86E-02
2.122520E-08,4.81E-02
2.122833E-08,4.76E-02
2.123145E-08,4.72E-02
2.123458E-08,4.67E-02
2.123770E-08,4.63E-02
2.124083E-08,4.59E-02
2.124395E-08,4.55E-02
2.124708E-08,4.51E-02
2.125020E-08,4.47E-02
2.125333E-08,4.43E-02
2.125645E-08,4.39E-02
2.125958E-08,4.35E-02
2.126270E-08,4.30E-02
2.126583E-08,4.26E-02
2.126895E-08,4.22E-02
2.127208E-08,4.18E-02
2.127520E-08,4.13E-02
2.127833E-08,4.09E-02
2.128145E-08,4.06E-02
2.128458E-08,4.02E-02
2.128770E-08,3.99E-02
2.129083E-08,3.96E-02
2.129395E-08,3.93E-02
2.129708E-08,3.90E-02
2.130020E-08,3.87E-02
2.130333E-08,3.83E-02
2.130645E-08,3.80E-02
2.130958E-08,3.77E-02
2.131270E-08,3.74E-02
2.131583E-08,3.70E-02
2.131895E-08,3.67E-02
2.132208E-08,3.64E-02
2.132520E-08,3.61E-02
2.132833E-08,3.58E-02
2.133145E-08,3.55E-02
2.133458E-08,3.53E-02
2.133770E-08,3.50E-02
2.134083E-08,3.48E-02
2.134395E-08,3.46E-02
2.134708E-08,3.44E-02
2.135020E-08,3.42E-02
2.135333E-08,3.40E-02
2.135645E-08,3.38E-02
2.135958E-08,3.36E-02
2.136270E-08,3.34E-02
2.136583E-08,3.31E-02
2.136895E-08,3.29E-02
2.137208E-08,3.27E-02
2.137520E-08,3.25E-02
2.137833E-08,3.23E-02
2.138145E-08,3.21E-02
2.138458E-08,3.20E-02
2.138770E-08,3.19E-02
2.139083E-08,3.18E-02
2.139395E-08,3.17E-02
2.139708E-08,3.16E-02
2.140020E-08,3.15E-02
2.140333E-08,3.14E-02
2.140645E-08,3.13E-02
2.140958E-08,3.12E-02
2.141270E-08,3.11E-02
2.141583E-08,3.10E-02
2.141895E-08,3.09E-02
2.142208E-08,3.08E-02
2.142520E-08,3.07E-02
2.142833E-08,3.06E-02
2.143145E-08,3.05E-02
2.143458E-08,3.05E-02
2.143770E-08,3.04E-02
2.144083E-08,3.04E-02
2.144395E-08,3.04E-02
2.144708E-08,3.04E-02
2.145020E-08,3.04E-02
2.145333E-08,3.04E-02
2.145645E-08,3.04E-02
2.145958E-08,3.04E-02
2.146270E-08,3.04E-02
2.146583E-08,3.03E-02
2.146895E-08,3.03E-02
2.147208E-08,3.03E-02
2.147520E-08,3.03E-02
2.147833E-08,3.03E-02
2.148145E-08,3.03E-02
2.148458E-08,3.03E-02
2.148770E-08,3.04E-02
2.149083E-08,3.04E-02
2.149395E-08,3.05E-02
2.149708E-08,3.05E-02
2.150020E-08,3.06E-02
2.150333E-08,3.07E-02
2.150645E-08,3.07E-02
2.150958E-08,3.08E-02
2.151270E-08,3.08E-02
2.151583E-08,3.09E-02
2.151895E-08,3.09E-02
2.152208E-08,3.10E-02
2.152520E-08,3.10E-02
2.152833E-08,3.10E-02
2.153145E-08,3.11E-02
2.153458E-08,3.12E-02
2.153770E-08,3.13E-02
2.154083E-08,3.14E-02
2.154395E-08,3.14E-02
2.154708E-08,3.15E-02
2.155020E-08,3.16E-02
2.155333E-08,3.17E-02
2.155645E-08,3.18E-02
2.155958E-08,3.19E-02
2.156270E-08,3.20E-02
2.156583E-08,3.20E-02
2.156895E-08,3.21E-02
2.157208E-08,3.21E-02
2.157520E-08,3.22E-02
2.157833E-08,3.23E-02
2.158145E-08,3.23E-02
2.158458E-08,3.24E-02
2.158770E-08,3.25E-02
2.159083E-08,3.26E-02
2.159395E-08,3.27E-02
2.159708E-08,3.27E-02
2.160020E-08,3.28E-02
2.160333E-08,3.29E-02
2.160645E-08,3.30E-02
2.160958E-08,3.31E-02
2.161270E-08,3.31E-02
2.161583E-08,3.32E-02
2.161895E-08,3.32E-02
2.162208E-08,3.33E-02
2.162520E-08,3.33E-02
2.162833E-08,3.34E-02
2.163145E-08,3.34E-02
2.163458E-08,3.35E-02
2.163770E-08,3.35E-02
2.164083E-08,3.36E-02
2.164395E-08,3.36E-02
2.164708E-08,3.37E-02
2.165020E-08,3.37E-02
2.165333E-08,3.38E-02
2.165645E-08,3.38E-02
2.165958E-08,3.38E-02
2.166270E-08,3.39E-02
2.166583E-08,3.39E-02
2.166895E-08,3.39E-02
2.167208E-08,3.39E-02
2.167520E-08,3.39E-02
2.167833E-08,3.39E-02
2.168145E-08,3.39E-02
2.168458E-08,3.39E-02
2.168770E-08,3.39E-02
2.169083E-08,3.39E-02
2.169395E-08,3.39E-02
2.169708E-08,3.39E-02
2.170020E-08,3.39E-02
2.170333E-08,3.39E-02
2.170645E-08,3.39E-02
2.170958E-08,3.39E-02
2.171270E-08,3.39E-02
2.171583E-08,3.38E-02
2.171895E-08,3.38E-02
2.172208E-08,3.38E-02
2.172520E-08,3.37E-02
2.172833E-08,3.37E-02
2.173145E-08,3.36E-02
2.173458E-08,3.36E-02
2.173770E-08,3.35E-02
2.174083E-08,3.35E-02
2.174395E-08,3.34E-02
2.174708E-08,3.34E-02
2.175020E-08,3.33E-02
2.175333E-08,3.33E-02
2.175645E-08,3.32E-02
2.175958E-08,3.31E-02
2.176270E-08,3.31E-02
2.176583E-08,3.30E-02
2.176895E-08,3.29E-02
2.177208E-08,3.28E-02
2.177520E-08,3.27E-02
2.177833E-08,3.26E-02
2.178145E-08,3.25E-02
2.178458E-08,3.24E-02
2.178770E-08,3.24E-02
2.179083E-08,3.22E-02
2.179395E-08,3.22E-02
2.179708E-08,3.21E-02
2.180020E-08,3.20E-02
2.180333E-08,3.19E-02
2.180645E-08,3.18E-02
2.180958E-08,3.17E-02
2.181270E-08,3.15E-02
2.181583E-08,3.14E-02
2.181895E-08,3.13E-02
2.182208E-08,3.12E-02
2.182520E-08,3.11E-02
2.182833E-08,3.09E-02
2.183145E-08,3.08E-02
2.183458E-08,3.07E-02
2.183770E-08,3.06E-02
2.184083E-08,3.04E-02
2.184395E-08,3.03E-02
2.184708E-08,3.02E-02
2.185020E-08,3.00E-02
2.185333E-08,2.99E-02
2.185645E-08,2.98E-02
2.185958E-08,2.97E-02
2.186270E-08,2.95E-02
2.186583E-08,2.94E-02
2.186895E-08,2.93E-02
2.187208E-08,2.91E-02
2.187520E-08,2.90E-02
2.187833E-08,2.88E-02
2.188145E-08,2.87E-02
2.188458E-08,2.86E-02
2.188770E-08,2.84E-02
2.189083E-08,2.83E-02
2.189395E-08,2.81E-02
2.189708E-08,2.80E-02
2.190020E-08,2.79E-02
2.190333E-08,2.77E-02
2.190645E-08,2.76E-02
2.190958E-08,2.75E-02
2.191270E-08,2.73E-02
2.191583E-08,2.72E-02
2.191895E-08,2.70E-02
2.192208E-08,2.69E-02
2.192520E-08,2.67E-02
2.192833E-08,2.66E-02
2.193145E-08,2.64E-02
2.193458E-08,2.63E-02
2.193770E-08,2.61E-02
2.194083E-08,2.60E-02
2.194395E-08,2.59E-02
2.194708E-08,2.57E-02
2.195020E-08,2.56E-02
2.195333E-08,2.54E-02
2.195645E-08,2.53E-02
2.195958E-08,2.52E-02
2.196270E-08,2.50E-02
2.196583E-08,2.49E-02
2.196895E-08,2.47E-02
2.197208E-08,2.46E-02
2.197520E-08,2.44E-02
2.197833E-08,2.43E-02
2.198145E-08,2.42E-02
2.198458E-08,2.40E-02
2.198770E-08,2.39E-02
2.199083E-08,2.37E-02
2.199395E-08,2.36E-02
2.199708E-08,2.34E-02
2.200020E-08,2.33E-02
2.200333E-08,2.32E-02
2.200645E-08,2.30E-02
2.200958E-08,2.29E-02
2.201270E-08,2.28E-02
2.201583E-08,2.26E-02
2.201895E-08,2.25E-02
2.202208E-08,2.23E-02
2.202520E-08,2.22E-02
2.202833E-08,2.21E-02
2.203145E-08,2.19E-02
2.203458E-08,2.18E-02
2.203770E-08,2.16E-02
2.204083E-08,2.15E-02
2.204395E-08,2.14E-02
2.204708E-08,2.12E-02
2.205020E-08,2.11E-02
2.205333E-08,2.09E-02
2.205645E-08,2.08E-02
2.205958E-08,2.07E-02
2.206270E-08,2.05E-02
2.206583E-08,2.04E-02
2.206895E-08,2.03E-02
2.207208E-08,2.01E-02
2.207520E-08,2.00E-02
2.207833E-08,1.99E-02
2.208145E-08,1.97E-02
2.208458E-08,1.96E-02
2.208770E-08,1.94E-02
2.209083E-08,1.93E-02
2.209395E-08,1.92E-02
2.209708E-08,1.90E-02
2.210020E-08,1.89E-02
2.210333E-08,1.87E-02
2.210645E-08,1.86E-02
2.210958E-08,1.85E-02
2.211270E-08,1.83E-02
2.211583E-08,1.82E-02
2.211895E-08,1.81E-02
2.212208E-08,1.79E-02
2.212520E-08,1.78E-02
2.212833E-08,1.77E-02
2.213145E-08,1.75E-02
2.213458E-08,1.74E-02
2.213770E-08,1.72E-02
2.214083E-08,1.71E-02
2.214395E-08,1.70E-02
2.214708E-08,1.68E-02
2.215020E-08,1.67E-02
2.215333E-08,1.65E-02
2.215645E-08,1.64E-02
2.215958E-08,1.63E-02
2.216270E-08,1.61E-02
2.216583E-08,1.60E-02
2.216895E-08,1.58E-02
2.217208E-08,1.57E-02
2.217520E-08,1.56E-02
2.217833E-08,1.54E-02
2.218145E-08,1.53E-02
2.218458E-08,1.51E-02
2.218770E-08,1.50E-02
2.219083E-08,1.49E-02
2.219395E-08,1.47E-02
2.219708E-08,1.46E-02
2.220020E-08,1.45E-02
2.220333E-08,1.43E-02
2.220645E-08,1.42E-02
2.220958E-08,1.40E-02
2.221270E-08,1.39E-02
2.221583E-08,1.38E-02
2.221895E-08,1.36E-02
2.222208E-08,1.35E-02
2.222520E-08,1.33E-02
2.222833E-08,1.32E-02
2.223145E-08,1.31E-02
2.223458E-08,1.29E-02
2.223770E-08,1.28E-02
2.224083E-08,1.27E-02
2.224395E-08,1.26E-02
2.224708E-08,1.24E-02
2.225020E-08,1.23E-02
2.225333E-08,1.22E-02
2.225645E-08,1.20E-02
2.225958E-08,1.19E-02
2.226270E-08,1.18E-02
2.226583E-08,1.16E-02
2.226895E-08,1.15E-02
2.227208E-08,1.14E-02
2.227520E-08,1.12E-02
2.227833E-08,1.11E-02
2.228145E-08,1.10E-02
2.228458E-08,1.08E-02
2.228770E-08,1.07E-02
2.229083E-08,1.06E-02
2.229395E-08,1.05E-02
2.229708E-08,1.04E-02
2.230020E-08,1.02E-02
2.230333E-08,1.01E-02
2.230645E-08,1.00E-02
2.230958E-08,9.9E-03
2.231270E-08,9.7E-03
2.231583E-08,9.6E-03
2.231895E-08,9.5E-03
2.232208E-08,9.4E-03
2.232520E-08,9.2E-03
2.232833E-08,9.1E-03
2.233145E-08,9.0E-03
2.233458E-08,8.9E-03
2.233770E-08,8.8E-03
2.234083E-08,8.7E-03
2.234395E-08,8.6E-03
2.234708E-08,8.5E-03
2.235020E-08,8.4E-03
2.235333E-08,8.3E-03
2.235645E-08,8.2E-03
2.235958E-08,8.0E-03
2.236270E-08,7.9E-03
2.236583E-08,7.8E-03
2.236895E-08,7.7E-03
2.237208E-08,7.6E-03
2.237520E-08,7.5E-03
2.237833E-08,7.4E-03
2.238145E-08,7.3E-03
2.238458E-08,7.2E-03
2.238770E-08,7.1E-03
2.239083E-08,7.0E-03
2.239395E-08,6.9E-03
2.239708E-08,6.8E-03
2.240020E-08,6.7E-03
2.240333E-08,6.7E-03
2.240645E-08,6.5E-03
2.240958E-08,6.5E-03
2.241270E-08,6.3E-03
2.241583E-08,6.3E-03
2.241895E-08,6.2E-03
2.242208E-08,6.1E-03
2.242520E-08,6.0E-03
2.242833E-08,5.9E-03
2.243145E-08,5.8E-03
2.243458E-08,5.7E-03
2.243770E-08,5.7E-03
2.244083E-08,5.6E-03
2.244395E-08,5.5E-03
2.244708E-08,5.4E-03
2.245020E-08,5.3E-03
2.245333E-08,5.3E-03
2.245645E-08,5.2E-03
2.245958E-08,5.1E-03
2.246270E-08,5.0E-03
2.246583E-08,4.9E-03
2.246895E-08,4.8E-03
2.247208E-08,4.8E-03
2.247520E-08,4.7E-03
2.247833E-08,4.6E-03
2.248145E-08,4.5E-03
2.248458E-08,4.5E-03
2.248770E-08,4.4E-03
2.249083E-08,4.3E-03
2.249395E-08,4.3E-03
2.249708E-08,4.2E-03
2.250020E-08,4.1E-03
2.250333E-08,4.1E-03
2.250645E-08,4.0E-03
2.250958E-08,3.9E-03
2.251270E-08,3.8E-03
2.251583E-08,3.8E-03
2.251895E-08,3.7E-03
2.252208E-08,3.6E-03
2.252520E-08,3.6E-03
2.252833E-08,3.5E-03
2.253145E-08,3.5E-03
2.253458E-08,3.4E-03
2.253770E-08,3.3E-03
2.254083E-08,3.3E-03
2.254395E-08,3.2E-03
2.254708E-08,3.2E-03
2.255020E-08,3.1E-03
2.255333E-08,3.0E-03
2.255645E-08,3.0E-03
2.255958E-08,2.9E-03
2.256270E-08,2.9E-03
2.256583E-08,2.8E-03
2.256895E-08,2.7E-03
2.257208E-08,2.7E-03
2.257520E-08,2.6E-03
2.257833E-08,2.6E-03
2.258145E-08,2.5E-03
2.258458E-08,2.5E-03
2.258770E-08,2.4E-03
2.259083E-08,2.4E-03
2.259395E-08,2.3E-03
2.259708E-08,2.3E-03
2.260020E-08,2.2E-03
2.260333E-08,2.2E-03
2.260645E-08,2.1E-03
2.260958E-08,2.1E-03
2.261270E-08,2.0E-03
2.261583E-08,2.0E-03
2.261895E-08,1.9E-03
2.262208E-08,1.9E-03
2.262520E-08,1.9E-03
2.262833E-08,1.8E-03
2.263145E-08,1.8E-03
2.263458E-08,1.7E-03
2.263770E-08,1.7E-03
2.264083E-08,1.7E-03
2.264395E-08,1.6E-03
2.264708E-08,1.6E-03
2.265020E-08,1.6E-03
2.265333E-08,1.6E-03
2.265645E-08,1.5E-03
2.265958E-08,1.5E-03
2.266270E-08,1.4E-03
2.266583E-08,1.4E-03
2.266895E-08,1.4E-03
2.267208E-08,1.4E-03
2.267520E-08,1.3E-03
2.267833E-08,1.3E-03
2.268145E-08,1.3E-03
2.268458E-08,1.3E-03
2.268770E-08,1.3E-03
2.269083E-08,1.2E-03
2.269395E-08,1.2E-03
2.269708E-08,1.2E-03
2.270020E-08,1.2E-03
2.270333E-08,1.2E-03
2.270645E-08,1.2E-03
2.270958E-08,1.2E-03
2.271270E-08,1.2E-03
2.271583E-08,1.2E-03
2.271895E-08,1.2E-03
2.272208E-08,1.2E-03
2.272520E-08,1.1E-03
2.272833E-08,1.1E-03
2.273145E-08,1.2E-03
2.273458E-08,1.2E-03
2.273770E-08,1.2E-03
2.274083E-08,1.2E-03
2.274395E-08,1.2E-03
2.274708E-08,1.2E-03
2.275020E-08,1.2E-03
2.275333E-08,1.2E-03
2.275645E-08,1.3E-03
2.275958E-08,1.3E-03
2.276270E-08,1.3E-03
2.276583E-08,1.3E-03
2.276895E-08,1.3E-03
2.277208E-08,1.4E-03
2.277520E-08,1.4E-03
2.277833E-08,1.4E-03
2.278145E-08,1.4E-03
2.278458E-08,1.5E-03
2.278770E-08,1.5E-03
2.279083E-08,1.6E-03
2.279395E-08,1.6E-03
2.279708E-08,1.6E-03
2.280020E-08,1.7E-03
2.280333E-08,1.7E-03
2.280645E-08,1.8E-03
2.280958E-08,1.8E-03
2.281270E-08,1.9E-03
2.281583E-08,1.9E-03
2.281895E-08,1.9E-03
2.282208E-08,2.0E-03
2.282520E-08,2.1E-03
2.282833E-08,2.1E-03
2.283145E-08,2.2E-03
2.283458E-08,2.2E-03
2.283770E-08,2.3E-03
2.284083E-08,2.4E-03
2.284395E-08,2.4E-03
2.284708E-08,2.5E-03
2.285020E-08,2.6E-03
2.285333E-08,2.6E-03
2.285645E-08,2.7E-03
2.285958E-08,2.8E-03
2.286270E-08,2.8E-03
2.286583E-08,2.9E-03
2.286895E-08,3.0E-03
2.287208E-08,3.1E-03
2.287520E-08,3.1E-03
2.287833E-08,3.2E-03
2.288145E-08,3.3E-03
2.288458E-08,3.4E-03
2.288770E-08,3.4E-03
2.289083E-08,3.5E-03
2.289395E-08,3.6E-03
2.289708E-08,3.7E-03
2.290020E-08,3.8E-03
2.290333E-08,3.8E-03
2.290645E-08,3.9E-03
2.290958E-08,4.0E-03
2.291270E-08,4.1E-03
2.291583E-08,4.2E-03
2.291895E-08,4.3E-03
2.292208E-08,4.3E-03
2.292520E-08,4.4E-03
2.292833E-08,4.5E-03
2.293145E-08,4.6E-03
2.293458E-08,4.7E-03
2.293770E-08,4.8E-03
2.294083E-08,4.9E-03
2.294395E-08,4.9E-03
2.294708E-08,5.0E-03
2.295020E-08,5.1E-03
2.295333E-08,5.2E-03
2.295645E-08,5.3E-03
2.295958E-08,5.4E-03
2.296270E-08,5.5E-03
2.296583E-08,5.5E-03
2.296895E-08,5.6E-03
2.297208E-08,5.7E-03
2.297520E-08,5.8E-03
2.297833E-08,5.9E-03
2.298145E-08,6.0E-03
2.298458E-08,6.0E-03
2.298770E-08,6.1E-03
2.299083E-08,6.2E-03
2.299395E-08,6.3E-03
2.299708E-08,6.3E-03
2.300020E-08,6.4E-03
2.300333E-08,6.5E-03
2.300645E-08,6.6E-03
2.300958E-08,6.6E-03
2.301270E-08,6.7E-03
2.301583E-08,6.8E-03
2.301895E-08,6.9E-03
2.302208E-08,6.9E-03
2.302520E-08,7.0E-03
2.302833E-08,7.1E-03
2.303145E-08,7.1E-03
2.303458E-08,7.2E-03
2.303770E-08,7.3E-03
2.304083E-08,7.3E-03
2.304395E-08,7.4E-03
2.304708E-08,7.4E-03
2.305020E-08,7.5E-03
2.305333E-08,7.6E-03
2.305645E-08,7.6E-03
2.305958E-08,7.7E-03
2.306270E-08,7.7E-03
2.306583E-08,7.8E-03
2.306895E-08,7.8E-03
2.307208E-08,7.9E-03
2.307520E-08,7.9E-03
2.307833E-08,8.0E-03
2.308145E-08,8.0E-03
2.308458E-08,8.0E-03
2.308770E-08,8.1E-03
2.309083E-08,8.1E-03
2.309395E-08,8.2E-03
2.309708E-08,8.2E-03
2.310020E-08,8.2E-03
2.310333E-08,8.2E-03
2.310645E-08,8.3E-03
2.310958E-08,8.3E-03
2.311270E-08,8.3E-03
2.311583E-08,8.4E-03
2.311895E-08,8.4E-03
2.312208E-08,8.4E-03
2.312520E-08,8.4E-03
2.312833E-08,8.4E-03
2.313145E-08,8.5E-03
2.313458E-08,8.5E-03
2.313770E-08,8.5E-03
2.314083E-08,8.5E-03
2.314395E-08,8.5E-03
2.314708E-08,8.5E-03
2.315020E-08,8.5E-03
2.315333E-08,8.5E-03
2.315645E-08,8.5E-03
2.315958E-08,8.5E-03
2.316270E-08,8.5E-03
2.316583E-08,8.5E-03
2.316895E-08,8.5E-03
2.317208E-08,8.5E-03
2.317520E-08,8.5E-03
2.317833E-08,8.5E-03
2.318145E-08,8.5E-03
2.318458E-08,8.4E-03
2.318770E-08,8.4E-03
2.319083E-08,8.4E-03
2.319395E-08,8.4E-03
2.319708E-08,8.4E-03
2.320020E-08,8.3E-03
2.320333E-08,8.3E-03
2.320645E-08,8.3E-03
2.320958E-08,8.2E-03
2.321270E-08,8.2E-03
2.321583E-08,8.2E-03
2.321895E-08,8.2E-03
2.322208E-08,8.1E-03
2.322520E-08,8.1E-03
2.322833E-08,8.1E-03
2.323145E-08,8.0E-03
2.323458E-08,8.0E-03
2.323770E-08,8.0E-03
2.324083E-08,7.9E-03
2.324395E-08,7.9E-03
2.324708E-08,7.8E-03
2.325020E-08,7.8E-03
2.325333E-08,7.7E-03
2.325645E-08,7.7E-03
2.325958E-08,7.6E-03
2.326270E-08,7.6E-03
2.326583E-08,7.5E-03
2.326895E-08,7.5E-03
2.327208E-08,7.4E-03
2.327520E-08,7.4E-03
2.327833E-08,7.3E-03
2.328145E-08,7.3E-03
2.328458E-08,7.2E-03
2.328770E-08,7.2E-03
2.329083E-08,7.1E-03
2.329395E-08,7.0E-03
2.329708E-08,7.0E-03
2.330020E-08,6.9E-03
2.330333E-08,6.8E-03
2.330645E-08,6.8E-03
2.330958E-08,6.7E-03
2.331270E-08,6.6E-03
2.331583E-08,6.6E-03
2.331895E-08,6.5E-03
2.332208E-08,6.4E-03
2.332520E-08,6.4E-03
2.332833E-08,6.3E-03
2.333145E-08,6.2E-03
2.333458E-08,6.1E-03
2.333770E-08,6.1E-03
2.334083E-08,6.0E-03
2.334395E-08,5.9E-03
2.334708E-08,5.8E-03
2.335020E-08,5.7E-03
2.335333E-08,5.7E-03
2.335645E-08,5.6E-03
2.335958E-08,5.5E-03
2.336270E-08,5.4E-03
2.336583E-08,5.4E-03
2.336895E-08,5.3E-03
2.337208E-08,5.2E-03
2.337520E-08,5.1E-03
2.337833E-08,5.0E-03
2.338145E-08,5.0E-03
2.338458E-08,4.9E-03
2.338770E-08,4.8E-03
2.339083E-08,4.7E-03
2.339395E-08,4.6E-03
2.339708E-08,4.5E-03
2.340020E-08,4.4E-03
2.340333E-08,4.3E-03
2.340645E-08,4.2E-03
2.340958E-08,4.1E-03
2.341270E-08,4.1E-03
2.341583E-08,4.0E-03
2.341895E-08,3.9E-03
2.342208E-08,3.8E-03
2.342520E-08,3.7E-03
2.342833E-08,3.6E-03
2.343145E-08,3.5E-03
2.343458E-08,3.4E-03
2.343770E-08,3.3E-03
2.344083E-08,3.2E-03
2.344395E-08,3.1E-03
2.344708E-08,3.0E-03
2.345020E-08,2.9E-03
2.345333E-08,2.8E-03
2.345645E-08,2.7E-03
2.345958E-08,2.6E-03
2.346270E-08,2.5E-03
2.346583E-08,2.4E-03
2.346895E-08,2.3E-03
2.347208E-08,2.2E-03
2.347520E-08,2.1E-03
2.347833E-08,2.0E-03
2.348145E-08,1.9E-03
2.348458E-08,1.8E-03
2.348770E-08,1.7E-03
2.349083E-08,1.6E-03
2.349395E-08,1.5E-03
2.349708E-08,1.4E-03
2.350020E-08,1.3E-03
2.350333E-08,1.2E-03
2.350645E-08,1.1E-03
2.350958E-08,1.0E-03
2.351270E-08,9E-04
2.351583E-08,8E-04
2.351895E-08,6E-04
2.352208E-08,5E-04
2.352520E-08,4E-04
2.352833E-08,3E-04
2.353145E-08,2E-04
2.353458E-08,1E-04
2.353770E-08,0.0E+00
2.354083E-08,-1E-04
2.354395E-08,-2E-04
2.354708E-08,-3E-04
2.355020E-08,-4E-04
2.355333E-08,-5E-04
2.355645E-08,-6E-04
2.355958E-08,-7E-04
2.356270E-08,-8E-04
2.356583E-08,-9E-04
2.356895E-08,-1.0E-03
2.357208E-08,-1.1E-03
2.357520E-08,-1.2E-03
2.357833E-08,-1.3E-03
2.358145E-08,-1.4E-03
2.358458E-08,-1.5E-03
2.358770E-08,-1.6E-03
2.359083E-08,-1.7E-03
2.359395E-08,-1.8E-03
2.359708E-08,-1.9E-03
2.360020E-08,-2.0E-03
2.360333E-08,-2.1E-03
2.360645E-08,-2.2E-03
2.360958E-08,-2.3E-03
2.361270E-08,-2.4E-03
2.361583E-08,-2.5E-03
2.361895E-08,-2.6E-03
2.362208E-08,-2.7E-03
2.362520E-08,-2.8E-03
2.362833E-08,-2.9E-03
2.363145E-08,-3.0E-03
2.363458E-08,-3.1E-03
2.363770E-08,-3.1E-03
2.364083E-08,-3.2E-03
2.364395E-08,-3.3E-03
2.364708E-08,-3.4E-03
2.365020E-08,-3.5E-03
2.365333E-08,-3.5E-03
2.365645E-08,-3.6E-03
2.365958E-08,-3.7E-03
2.366270E-08,-3.8E-03
2.366583E-08,-3.8E-03
2.366895E-08,-3.9E-03
2.367208E-08,-4.0E-03
2.367520E-08,-4.1E-03
2.367833E-08,-4.1E-03
2.368145E-08,-4.2E-03
2.368458E-08,-4.3E-03
2.368770E-08,-4.3E-03
2.369083E-08,-4.4E-03
2.369395E-08,-4.5E-03
2.369708E-08,-4.5E-03
2.370020E-08,-4.6E-03
2.370333E-08,-4.6E-03
2.370645E-08,-4.7E-03
2.370958E-08,-4.7E-03
2.371270E-08,-4.8E-03
2.371583E-08,-4.8E-03
2.371895E-08,-4.9E-03
2.372208E-08,-4.9E-03
2.372520E-08,-5.0E-03
2.372833E-08,-5.0E-03
2.373145E-08,-5.1E-03
2.373458E-08,-5.1E-03
2.373770E-08,-5.1E-03
2.374083E-08,-5.2E-03
2.374395E-08,-5.2E-03
2.374708E-08,-5.2E-03
2.375020E-08,-5.3E-03
2.375333E-08,-5.3E-03
2.375645E-08,-5.3E-03
2.375958E-08,-5.3E-03
2.376270E-08,-5.4E-03
2.376583E-08,-5.4E-03
2.376895E-08,-5.4E-03
2.377208E-08,-5.5E-03
2.377520E-08,-5.5E-03
2.377833E-08,-5.5E-03
2.378145E-08,-5.5E-03
2.378458E-08,-5.5E-03
2.378770E-08,-5.5E-03
2.379083E-08,-5.5E-03
2.379395E-08,-5.5E-03
2.379708E-08,-5.5E-03
2.380020E-08,-5.6E-03
2.380333E-08,-5.6E-03
2.380645E-08,-5.6E-03
2.380958E-08,-5.6E-03
2.381270E-08,-5.6E-03
2.381583E-08,-5.6E-03
2.381895E-08,-5.6E-03
2.382208E-08,-5.6E-03
2.382520E-08,-5.6E-03
2.382833E-08,-5.6E-03
2.383145E-08,-5.6E-03
2.383458E-08,-5.6E-03
2.383770E-08,-5.6E-03
2.384083E-08,-5.5E-03
2.384395E-08,-5.5E-03
2.384708E-08,-5.5E-03
2.385020E-08,-5.5E-03
2.385333E-08,-5.5E-03
2.385645E-08,-5.5E-03
2.385958E-08,-5.5E-03
2.386270E-08,-5.5E-03
2.386583E-08,-5.5E-03
2.386895E-08,-5.4E-03
2.387208E-08,-5.4E-03
2.387520E-08,-5.4E-03
2.387833E-08,-5.4E-03
2.388145E-08,-5.4E-03
2.388458E-08,-5.4E-03
2.388770E-08,-5.3E-03
2.389083E-08,-5.3E-03
2.389395E-08,-5.3E-03
2.389708E-08,-5.3E-03
2.390020E-08,-5.3E-03
2.390333E-08,-5.2E-03
2.390645E-08,-5.2E-03
2.390958E-08,-5.2E-03
2.391270E-08,-5.2E-03
2.391583E-08,-5.2E-03
2.391895E-08,-5.2E-03
2.392208E-08,-5.1E-03
2.392520E-08,-5.1E-03
2.392833E-08,-5.1E-03
2.393145E-08,-5.1E-03
2.393458E-08,-5.1E-03
2.393770E-08,-5.0E-03
2.394083E-08,-5.0E-03
2.394395E-08,-5.0E-03
2.394708E-08,-5.0E-03
2.395020E-08,-5.0E-03
2.395333E-08,-4.9E-03
2.395645E-08,-4.9E-03
2.395958E-08,-4.9E-03
2.396270E-08,-4.9E-03
2.396583E-08,-4.9E-03
2.396895E-08,-4.8E-03
2.397208E-08,-4.8E-03
2.397520E-08,-4.8E-03
2.397833E-08,-4.8E-03
2.398145E-08,-4.8E-03
2.398458E-08,-4.8E-03
2.398770E-08,-4.8E-03
2.399083E-08,-4.7E-03
2.399395E-08,-4.7E-03
2.399708E-08,-4.7E-03
2.400020E-08,-4.7E-03
2.400333E-08,-4.7E-03
2.400645E-08,-4.7E-03
2.400958E-08,-4.7E-03
2.401270E-08,-4.6E-03
2.401583E-08,-4.6E-03
2.401895E-08,-4.6E-03
2.402208E-08,-4.6E-03
2.402520E-08,-4.6E-03
2.402833E-08,-4.6E-03
2.403145E-08,-4.6E-03
2.403458E-08,-4.6E-03
2.403770E-08,-4.6E-03
2.404083E-08,-4.5E-03
2.404395E-08,-4.5E-03
2.404708E-08,-4.5E-03
2.405020E-08,-4.5E-03
2.405333E-08,-4.5E-03
2.405645E-08,-4.5E-03
2.405958E-08,-4.5E-03
2.406270E-08,-4.5E-03
2.406583E-08,-4.5E-03
2.406895E-08,-4.5E-03
2.407208E-08,-4.5E-03
2.407520E-08,-4.5E-03
2.407833E-08,-4.5E-03
2.408145E-08,-4.5E-03
2.408458E-08,-4.4E-03
2.408770E-08,-4.4E-03
2.409083E-08,-4.4E-03
2.409395E-08,-4.4E-03
2.409708E-08,-4.4E-03
2.410020E-08,-4.4E-03
2.410333E-08,-4.4E-03
2.410645E-08,-4.4E-03
2.410958E-08,-4.4E-03
2.411270E-08,-4.3E-03
2.411583E-08,-4.3E-03
2.411895E-08,-4.3E-03
2.412208E-08,-4.3E-03
2.412520E-08,-4.3E-03
2.412833E-08,-4.3E-03
2.413145E-08,-4.3E-03
2.413458E-08,-4.3E-03
2.413770E-08,-4.3E-03
2.414083E-08,-4.2E-03
2.414395E-08,-4.2E-03
2.414708E-08,-4.2E-03
2.415020E-08,-4.2E-03
2.415333E-08,-4.2E-03
2.415645E-08,-4.1E-03
2.415958E-08,-4.1E-03
2.416270E-08,-4.1E-03
2.416583E-08,-4.1E-03
2.416895E-08,-4.1E-03
2.417208E-08,-4.0E-03
2.417520E-08,-4.0E-03
2.417833E-08,-4.0E-03
2.418145E-08,-4.0E-03
2.418458E-08,-4.0E-03
2.418770E-08,-3.9E-03
2.419083E-08,-3.9E-03
2.419395E-08,-3.9E-03
2.419708E-08,-3.8E-03
2.420020E-08,-3.8E-03
2.420333E-08,-3.8E-03
2.420645E-08,-3.7E-03
2.420958E-08,-3.7E-03
2.421270E-08,-3.6E-03
2.421583E-08,-3.6E-03
2.421895E-08,-3.6E-03
2.422208E-08,-3.5E-03
2.422520E-08,-3.5E-03
2.422833E-08,-3.4E-03
2.423145E-08,-3.4E-03
2.423458E-08,-3.4E-03
2.423770E-08,-3.3E-03
2.424083E-08,-3.3E-03
2.424395E-08,-3.2E-03
2.424708E-08,-3.1E-03
2.425020E-08,-3.1E-03
2.425333E-08,-3.0E-03
2.425645E-08,-3.0E-03
2.425958E-08,-2.9E-03
2.426270E-08,-2.9E-03
2.426583E-08,-2.8E-03
2.426895E-08,-2.8E-03
2.427208E-08,-2.7E-03
2.427520E-08,-2.6E-03
2.427833E-08,-2.6E-03
2.428145E-08,-2.5E-03
2.428458E-08,-2.5E-03
2.428770E-08,-2.4E-03
2.429083E-08,-2.3E-03
2.429395E-08,-2.3E-03
2.429708E-08,-2.2E-03
2.430020E-08,-2.1E-03
2.430333E-08,-2.0E-03
2.430645E-08,-2.0E-03
2.430958E-08,-1.9E-03
2.431270E-08,-1.8E-03
2.431583E-08,-1.7E-03
2.431895E-08,-1.7E-03
2.432208E-08,-1.6E-03
2.432520E-08,-1.5E-03
2.432833E-08,-1.4E-03
2.433145E-08,-1.4E-03
2.433458E-08,-1.3E-03
2.433770E-08,-1.2E-03
2.434083E-08,-1.1E-03
2.434395E-08,-1.1E-03
2.434708E-08,-1.0E-03
2.435020E-08,-9E-04
2.435333E-08,-8E-04
2.435645E-08,-7E-04
2.435958E-08,-7E-04
2.436270E-08,-6E-04
2.436583E-08,-5E-04
2.436895E-08,-4E-04
2.437208E-08,-3E-04
2.437520E-08,-3E-04
2.437833E-08,-2E-04
2.438145E-08,-1E-04
2.438458E-08,0.0E+00
2.438770E-08,1E-04
2.439083E-08,1E-04
2.439395E-08,2E-04
2.439708E-08,3E-04
2.440020E-08,4E-04
2.440333E-08,4E-04
