8.03927E-09,-1.8E-03
8.04239E-09,-1.8E-03
8.04552E-09,-1.8E-03
8.04864E-09,-1.8E-03
8.05177E-09,-1.8E-03
8.05489E-09,-1.8E-03
8.05802E-09,-1.8E-03
8.06114E-09,-1.8E-03
8.06427E-09,-1.8E-03
8.06739E-09,-1.8E-03
8.07052E-09,-1.8E-03
8.07364E-09,-1.8E-03
8.07677E-09,-1.8E-03
8.07989E-09,-1.8E-03
8.08302E-09,-1.8E-03
8.08614E-09,-1.9E-03
8.08927E-09,-1.9E-03
8.09239E-09,-1.9E-03
8.09552E-09,-1.9E-03
8.09864E-09,-1.9E-03
8.10177E-09,-1.9E-03
8.10489E-09,-2.0E-03
8.10802E-09,-2.0E-03
8.11114E-09,-2.0E-03
8.11427E-09,-2.0E-03
8.11739E-09,-2.1E-03
8.12052E-09,-2.1E-03
8.12364E-09,-2.1E-03
8.12677E-09,-2.2E-03
8.12989E-09,-2.2E-03
8.13302E-09,-2.2E-03
8.13614E-09,-2.2E-03
8.13927E-09,-2.3E-03
8.14239E-09,-2.3E-03
8.14552E-09,-2.3E-03
8.14864E-09,-2.4E-03
8.15177E-09,-2.4E-03
8.15489E-09,-2.4E-03
8.15802E-09,-2.5E-03
8.16114E-09,-2.5E-03
8.16427E-09,-2.5E-03
8.16739E-09,-2.6E-03
8.17052E-09,-2.6E-03
8.17364E-09,-2.6E-03
8.17677E-09,-2.7E-03
8.17989E-09,-2.7E-03
8.18302E-09,-2.8E-03
8.18614E-09,-2.8E-03
8.18927E-09,-2.8E-03
8.19239E-09,-2.8E-03
8.19552E-09,-2.9E-03
8.19864E-09,-2.9E-03
8.20177E-09,-3.0E-03
8.20489E-09,-3.0E-03
8.20802E-09,-3.0E-03
8.21114E-09,-3.0E-03
8.21427E-09,-3.1E-03
8.21739E-09,-3.1E-03
8.22052E-09,-3.1E-03
8.22364E-09,-3.1E-03
8.22677E-09,-3.2E-03
8.22989E-09,-3.2E-03
8.23302E-09,-3.2E-03
8.23614E-09,-3.2E-03
8.23927E-09,-3.3E-03
8.24239E-09,-3.3E-03
8.24552E-09,-3.3E-03
8.24864E-09,-3.3E-03
8.25177E-09,-3.3E-03
8.25489E-09,-3.3E-03
8.25802E-09,-3.4E-03
8.26114E-09,-3.4E-03
8.26427E-09,-3.4E-03
8.26739E-09,-3.4E-03
8.27052E-09,-3.4E-03
8.27364E-09,-3.4E-03
8.27677E-09,-3.4E-03
8.27989E-09,-3.4E-03
8.28302E-09,-3.4E-03
8.28614E-09,-3.4E-03
8.28927E-09,-3.4E-03
8.29239E-09,-3.4E-03
8.29552E-09,-3.4E-03
8.29864E-09,-3.4E-03
8.30177E-09,-3.4E-03
8.30489E-09,-3.4E-03
8.30802E-09,-3.4E-03
8.31114E-09,-3.4E-03
8.31427E-09,-3.3E-03
8.31739E-09,-3.3E-03
8.32052E-09,-3.3E-03
8.32364E-09,-3.3E-03
8.32677E-09,-3.3E-03
8.32989E-09,-3.3E-03
8.33302E-09,-3.2E-03
8.33614E-09,-3.2E-03
8.33927E-09,-3.2E-03
8.34239E-09,-3.2E-03
8.34552E-09,-3.1E-03
8.34864E-09,-3.1E-03
8.35177E-09,-3.1E-03
8.35489E-09,-3.1E-03
8.35802E-09,-3.0E-03
8.36114E-09,-3.0E-03
8.36427E-09,-3.0E-03
8.36739E-09,-2.9E-03
8.37052E-09,-2.9E-03
8.37364E-09,-2.9E-03
8.37677E-09,-2.8E-03
8.37989E-09,-2.8E-03
8.38302E-09,-2.7E-03
8.38614E-09,-2.7E-03
8.38927E-09,-2.7E-03
8.39239E-09,-2.6E-03
8.39552E-09,-2.6E-03
8.39864E-09,-2.6E-03
8.40177E-09,-2.5E-03
8.40489E-09,-2.5E-03
8.40802E-09,-2.4E-03
8.41114E-09,-2.4E-03
8.41427E-09,-2.3E-03
8.41739E-09,-2.3E-03
8.42052E-09,-2.3E-03
8.42364E-09,-2.2E-03
8.42677E-09,-2.2E-03
8.42989E-09,-2.1E-03
8.43302E-09,-2.1E-03
8.43614E-09,-2.1E-03
8.43927E-09,-2.0E-03
8.44239E-09,-2.0E-03
8.44552E-09,-1.9E-03
8.44864E-09,-1.9E-03
8.45177E-09,-1.9E-03
8.45489E-09,-1.8E-03
8.45802E-09,-1.8E-03
8.46114E-09,-1.8E-03
8.46427E-09,-1.7E-03
8.46739E-09,-1.7E-03
8.47052E-09,-1.6E-03
8.47364E-09,-1.6E-03
8.47677E-09,-1.6E-03
8.47989E-09,-1.5E-03
8.48302E-09,-1.5E-03
8.48614E-09,-1.5E-03
8.48927E-09,-1.4E-03
8.49239E-09,-1.4E-03
8.49552E-09,-1.4E-03
8.49864E-09,-1.4E-03
8.50177E-09,-1.4E-03
8.50489E-09,-1.3E-03
8.50802E-09,-1.3E-03
8.51114E-09,-1.3E-03
8.51427E-09,-1.3E-03
8.51739E-09,-1.2E-03
8.52052E-09,-1.2E-03
8.52364E-09,-1.2E-03
8.52677E-09,-1.2E-03
8.52989E-09,-1.2E-03
8.53302E-09,-1.2E-03
8.53614E-09,-1.1E-03
8.53927E-09,-1.1E-03
8.54239E-09,-1.1E-03
8.54552E-09,-1.1E-03
8.54864E-09,-1.1E-03
8.55177E-09,-1.1E-03
8.55489E-09,-1.1E-03
8.55802E-09,-1.1E-03
8.56114E-09,-1.1E-03
8.56427E-09,-1.1E-03
8.56739E-09,-1.1E-03
8.57052E-09,-1.1E-03
8.57364E-09,-1.1E-03
8.57677E-09,-1.1E-03
8.57989E-09,-1.1E-03
8.58302E-09,-1.1E-03
8.58614E-09,-1.1E-03
8.58927E-09,-1.1E-03
8.59239E-09,-1.1E-03
8.59552E-09,-1.1E-03
8.59864E-09,-1.1E-03
8.60177E-09,-1.2E-03
8.60489E-09,-1.2E-03
8.60802E-09,-1.2E-03
8.61114E-09,-1.2E-03
8.61427E-09,-1.2E-03
8.61739E-09,-1.2E-03
8.62052E-09,-1.3E-03
8.62364E-09,-1.3E-03
8.62677E-09,-1.3E-03
8.62989E-09,-1.3E-03
8.63302E-09,-1.3E-03
8.63614E-09,-1.3E-03
8.63927E-09,-1.4E-03
8.64239E-09,-1.4E-03
8.64552E-09,-1.4E-03
8.64864E-09,-1.4E-03
8.65177E-09,-1.5E-03
8.65489E-09,-1.5E-03
8.65802E-09,-1.5E-03
8.66114E-09,-1.5E-03
8.66427E-09,-1.6E-03
8.66739E-09,-1.6E-03
8.67052E-09,-1.6E-03
8.67364E-09,-1.6E-03
8.67677E-09,-1.7E-03
8.67989E-09,-1.7E-03
8.68302E-09,-1.7E-03
8.68614E-09,-1.7E-03
8.68927E-09,-1.8E-03
8.69239E-09,-1.8E-03
8.69552E-09,-1.8E-03
8.69864E-09,-1.8E-03
8.70177E-09,-1.9E-03
8.70489E-09,-1.9E-03
8.70802E-09,-1.9E-03
8.71114E-09,-1.9E-03
8.71427E-09,-1.9E-03
8.71739E-09,-2.0E-03
8.72052E-09,-2.0E-03
8.72364E-09,-2.0E-03
8.72677E-09,-2.1E-03
8.72989E-09,-2.1E-03
8.73302E-09,-2.1E-03
8.73614E-09,-2.1E-03
8.73927E-09,-2.1E-03
8.74239E-09,-2.1E-03
8.74552E-09,-2.2E-03
8.74864E-09,-2.2E-03
8.75177E-09,-2.2E-03
8.75489E-09,-2.2E-03
8.75802E-09,-2.3E-03
8.76114E-09,-2.3E-03
8.76427E-09,-2.3E-03
8.76739E-09,-2.3E-03
8.77052E-09,-2.3E-03
8.77364E-09,-2.3E-03
8.77677E-09,-2.3E-03
8.77989E-09,-2.4E-03
8.78302E-09,-2.4E-03
8.78614E-09,-2.4E-03
8.78927E-09,-2.4E-03
8.79239E-09,-2.4E-03
8.79552E-09,-2.4E-03
8.79864E-09,-2.4E-03
8.80177E-09,-2.4E-03
8.80489E-09,-2.4E-03
8.80802E-09,-2.5E-03
8.81114E-09,-2.5E-03
8.81427E-09,-2.5E-03
8.81739E-09,-2.5E-03
8.82052E-09,-2.5E-03
8.82364E-09,-2.5E-03
8.82677E-09,-2.5E-03
8.82989E-09,-2.5E-03
8.83302E-09,-2.5E-03
8.83614E-09,-2.5E-03
8.83927E-09,-2.5E-03
8.84239E-09,-2.5E-03
8.84552E-09,-2.5E-03
8.84864E-09,-2.5E-03
8.85177E-09,-2.5E-03
8.85489E-09,-2.5E-03
8.85802E-09,-2.5E-03
8.86114E-09,-2.5E-03
8.86427E-09,-2.5E-03
8.86739E-09,-2.5E-03
8.87052E-09,-2.5E-03
8.87364E-09,-2.5E-03
8.87677E-09,-2.5E-03
8.87989E-09,-2.5E-03
8.88302E-09,-2.5E-03
8.88614E-09,-2.5E-03
8.88927E-09,-2.5E-03
8.89239E-09,-2.5E-03
8.89552E-09,-2.5E-03
8.89864E-09,-2.5E-03
8.90177E-09,-2.5E-03
8.90489E-09,-2.5E-03
8.90802E-09,-2.5E-03
8.91114E-09,-2.5E-03
8.91427E-09,-2.5E-03
8.91739E-09,-2.5E-03
8.92052E-09,-2.5E-03
8.92364E-09,-2.5E-03
8.92677E-09,-2.5E-03
8.92989E-09,-2.5E-03
8.93302E-09,-2.5E-03
8.93614E-09,-2.5E-03
8.93927E-09,-2.5E-03
8.94239E-09,-2.4E-03
8.94552E-09,-2.4E-03
8.94864E-09,-2.4E-03
8.95177E-09,-2.4E-03
8.95489E-09,-2.4E-03
8.95802E-09,-2.4E-03
8.96114E-09,-2.4E-03
8.96427E-09,-2.4E-03
8.96739E-09,-2.4E-03
8.97052E-09,-2.4E-03
8.97364E-09,-2.4E-03
8.97677E-09,-2.4E-03
8.97989E-09,-2.4E-03
8.98302E-09,-2.4E-03
8.98614E-09,-2.4E-03
8.98927E-09,-2.4E-03
8.99239E-09,-2.4E-03
8.99552E-09,-2.5E-03
8.99864E-09,-2.5E-03
9.00177E-09,-2.5E-03
9.00489E-09,-2.5E-03
9.00802E-09,-2.5E-03
9.01114E-09,-2.5E-03
9.01427E-09,-2.5E-03
9.01739E-09,-2.5E-03
9.02052E-09,-2.5E-03
9.02364E-09,-2.5E-03
9.02677E-09,-2.5E-03
9.02989E-09,-2.5E-03
9.03302E-09,-2.5E-03
9.03614E-09,-2.5E-03
9.03927E-09,-2.5E-03
9.04239E-09,-2.5E-03
9.04552E-09,-2.6E-03
9.04864E-09,-2.6E-03
9.05177E-09,-2.6E-03
9.05489E-09,-2.6E-03
9.05802E-09,-2.6E-03
9.06114E-09,-2.6E-03
9.06427E-09,-2.6E-03
9.06739E-09,-2.6E-03
9.07052E-09,-2.6E-03
9.07364E-09,-2.6E-03
9.07677E-09,-2.7E-03
9.07989E-09,-2.7E-03
9.08302E-09,-2.7E-03
9.08614E-09,-2.7E-03
9.08927E-09,-2.7E-03
9.09239E-09,-2.7E-03
9.09552E-09,-2.7E-03
9.09864E-09,-2.7E-03
9.10177E-09,-2.8E-03
9.10489E-09,-2.8E-03
9.10802E-09,-2.8E-03
9.11114E-09,-2.8E-03
9.11427E-09,-2.8E-03
9.11739E-09,-2.8E-03
9.12052E-09,-2.8E-03
9.12364E-09,-2.8E-03
9.12677E-09,-2.8E-03
9.12989E-09,-2.9E-03
9.13302E-09,-2.9E-03
9.13614E-09,-2.9E-03
9.13927E-09,-2.9E-03
9.14239E-09,-2.9E-03
9.14552E-09,-2.9E-03
9.14864E-09,-2.9E-03
9.15177E-09,-2.9E-03
9.15489E-09,-2.9E-03
9.15802E-09,-3.0E-03
9.16114E-09,-3.0E-03
9.16427E-09,-3.0E-03
9.16739E-09,-3.0E-03
9.17052E-09,-3.0E-03
9.17364E-09,-3.0E-03
9.17677E-09,-3.0E-03
9.17989E-09,-3.0E-03
9.18302E-09,-3.0E-03
9.18614E-09,-3.0E-03
9.18927E-09,-3.0E-03
9.19239E-09,-3.0E-03
9.19552E-09,-3.0E-03
9.19864E-09,-3.1E-03
9.20177E-09,-3.1E-03
9.20489E-09,-3.1E-03
9.20802E-09,-3.1E-03
9.21114E-09,-3.1E-03
9.21427E-09,-3.1E-03
9.21739E-09,-3.1E-03
9.22052E-09,-3.1E-03
9.22364E-09,-3.1E-03
9.22677E-09,-3.1E-03
9.22989E-09,-3.1E-03
9.23302E-09,-3.1E-03
9.23614E-09,-3.1E-03
9.23927E-09,-3.1E-03
9.24239E-09,-3.1E-03
9.24552E-09,-3.1E-03
9.24864E-09,-3.1E-03
9.25177E-09,-3.1E-03
9.25489E-09,-3.1E-03
9.25802E-09,-3.1E-03
9.26114E-09,-3.1E-03
9.26427E-09,-3.1E-03
9.26739E-09,-3.1E-03
9.27052E-09,-3.1E-03
9.27364E-09,-3.1E-03
9.27677E-09,-3.1E-03
9.27989E-09,-3.1E-03
9.28302E-09,-3.0E-03
9.28614E-09,-3.0E-03
9.28927E-09,-3.0E-03
9.29239E-09,-3.0E-03
9.29552E-09,-3.0E-03
9.29864E-09,-3.0E-03
9.30177E-09,-3.0E-03
9.30489E-09,-3.0E-03
9.30802E-09,-3.0E-03
9.31114E-09,-3.0E-03
9.31427E-09,-3.0E-03
9.31739E-09,-3.0E-03
9.32052E-09,-3.0E-03
9.32364E-09,-3.0E-03
9.32677E-09,-3.0E-03
9.32989E-09,-3.0E-03
9.33302E-09,-3.0E-03
9.33614E-09,-3.0E-03
9.33927E-09,-2.9E-03
9.34239E-09,-2.9E-03
9.34552E-09,-2.9E-03
9.34864E-09,-2.9E-03
9.35177E-09,-2.9E-03
9.35489E-09,-2.9E-03
9.35802E-09,-2.9E-03
9.36114E-09,-2.9E-03
9.36427E-09,-2.9E-03
9.36739E-09,-2.9E-03
9.37052E-09,-2.9E-03
9.37364E-09,-2.9E-03
9.37677E-09,-2.9E-03
9.37989E-09,-2.9E-03
9.38302E-09,-2.9E-03
9.38614E-09,-2.9E-03
9.38927E-09,-2.9E-03
9.39239E-09,-2.9E-03
9.39552E-09,-2.9E-03
9.39864E-09,-2.9E-03
9.40177E-09,-2.9E-03
9.40489E-09,-2.9E-03
9.40802E-09,-2.9E-03
9.41114E-09,-2.9E-03
9.41427E-09,-2.9E-03
9.41739E-09,-2.9E-03
9.42052E-09,-2.9E-03
9.42364E-09,-2.9E-03
9.42677E-09,-2.9E-03
9.42989E-09,-2.9E-03
9.43302E-09,-2.9E-03
9.43614E-09,-2.9E-03
9.43927E-09,-2.9E-03
9.44239E-09,-2.9E-03
9.44552E-09,-2.9E-03
9.44864E-09,-2.9E-03
9.45177E-09,-2.9E-03
9.45489E-09,-2.9E-03
9.45802E-09,-3.0E-03
9.46114E-09,-3.0E-03
9.46427E-09,-3.0E-03
9.46739E-09,-3.0E-03
9.47052E-09,-3.0E-03
9.47364E-09,-3.0E-03
9.47677E-09,-3.0E-03
9.47989E-09,-3.0E-03
9.48302E-09,-3.0E-03
9.48614E-09,-3.0E-03
9.48927E-09,-3.1E-03
9.49239E-09,-3.1E-03
9.49552E-09,-3.1E-03
9.49864E-09,-3.1E-03
9.50177E-09,-3.1E-03
9.50489E-09,-3.1E-03
9.50802E-09,-3.1E-03
9.51114E-09,-3.1E-03
9.51427E-09,-3.2E-03
9.51739E-09,-3.2E-03
9.52052E-09,-3.2E-03
9.52364E-09,-3.2E-03
9.52677E-09,-3.2E-03
9.52989E-09,-3.2E-03
9.53302E-09,-3.3E-03
9.53614E-09,-3.3E-03
9.53927E-09,-3.3E-03
9.54239E-09,-3.3E-03
9.54552E-09,-3.3E-03
9.54864E-09,-3.3E-03
9.55177E-09,-3.4E-03
9.55489E-09,-3.4E-03
9.55802E-09,-3.4E-03
9.56114E-09,-3.4E-03
9.56427E-09,-3.4E-03
9.56739E-09,-3.4E-03
9.57052E-09,-3.5E-03
9.57364E-09,-3.5E-03
9.57677E-09,-3.5E-03
9.57989E-09,-3.5E-03
9.58302E-09,-3.5E-03
9.58614E-09,-3.5E-03
9.58927E-09,-3.6E-03
9.59239E-09,-3.6E-03
9.59552E-09,-3.6E-03
9.59864E-09,-3.6E-03
9.60177E-09,-3.6E-03
9.60489E-09,-3.6E-03
9.60802E-09,-3.6E-03
9.61114E-09,-3.7E-03
9.61427E-09,-3.7E-03
9.61739E-09,-3.7E-03
9.62052E-09,-3.7E-03
9.62364E-09,-3.7E-03
9.62677E-09,-3.7E-03
9.62989E-09,-3.8E-03
9.63302E-09,-3.8E-03
9.63614E-09,-3.8E-03
9.63927E-09,-3.8E-03
9.64239E-09,-3.8E-03
9.64552E-09,-3.8E-03
9.64864E-09,-3.8E-03
9.65177E-09,-3.8E-03
9.65489E-09,-3.9E-03
9.65802E-09,-3.9E-03
9.66114E-09,-3.9E-03
9.66427E-09,-3.9E-03
9.66739E-09,-3.9E-03
9.67052E-09,-3.9E-03
9.67364E-09,-3.9E-03
9.67677E-09,-3.9E-03
9.67989E-09,-3.9E-03
9.68302E-09,-3.9E-03
9.68614E-09,-4.0E-03
9.68927E-09,-4.0E-03
9.69239E-09,-4.0E-03
9.69552E-09,-4.0E-03
9.69864E-09,-4.0E-03
9.70177E-09,-4.0E-03
9.70489E-09,-4.0E-03
9.70802E-09,-4.0E-03
9.71114E-09,-4.0E-03
9.71427E-09,-4.0E-03
9.71739E-09,-4.0E-03
9.72052E-09,-4.0E-03
9.72364E-09,-4.0E-03
9.72677E-09,-4.0E-03
9.72989E-09,-4.0E-03
9.73302E-09,-4.0E-03
9.73614E-09,-4.0E-03
9.73927E-09,-4.0E-03
9.74239E-09,-4.0E-03
9.74552E-09,-4.0E-03
9.74864E-09,-4.1E-03
9.75177E-09,-4.1E-03
9.75489E-09,-4.1E-03
9.75802E-09,-4.1E-03
9.76114E-09,-4.1E-03
9.76427E-09,-4.1E-03
9.76739E-09,-4.1E-03
9.77052E-09,-4.1E-03
9.77364E-09,-4.1E-03
9.77677E-09,-4.1E-03
9.77989E-09,-4.1E-03
9.78302E-09,-4.1E-03
9.78614E-09,-4.1E-03
9.78927E-09,-4.1E-03
9.79239E-09,-4.1E-03
9.79552E-09,-4.1E-03
9.79864E-09,-4.1E-03
9.80177E-09,-4.1E-03
9.80489E-09,-4.1E-03
9.80802E-09,-4.1E-03
9.81114E-09,-4.1E-03
9.81427E-09,-4.1E-03
9.81739E-09,-4.1E-03
9.82052E-09,-4.1E-03
9.82364E-09,-4.1E-03
9.82677E-09,-4.1E-03
9.82989E-09,-4.1E-03
9.83302E-09,-4.1E-03
9.83614E-09,-4.1E-03
9.83927E-09,-4.1E-03
9.84239E-09,-4.2E-03
9.84552E-09,-4.2E-03
9.84864E-09,-4.2E-03
9.85177E-09,-4.2E-03
9.85489E-09,-4.2E-03
9.85802E-09,-4.2E-03
9.86114E-09,-4.2E-03
9.86427E-09,-4.2E-03
9.86739E-09,-4.3E-03
9.87052E-09,-4.3E-03
9.87364E-09,-4.3E-03
9.87677E-09,-4.3E-03
9.87989E-09,-4.3E-03
9.88302E-09,-4.3E-03
9.88614E-09,-4.3E-03
9.88927E-09,-4.3E-03
9.89239E-09,-4.3E-03
9.89552E-09,-4.4E-03
9.89864E-09,-4.4E-03
9.90177E-09,-4.4E-03
9.90489E-09,-4.4E-03
9.90802E-09,-4.4E-03
9.91114E-09,-4.5E-03
9.91427E-09,-4.5E-03
9.91739E-09,-4.5E-03
9.92052E-09,-4.5E-03
9.92364E-09,-4.5E-03
9.92677E-09,-4.5E-03
9.92989E-09,-4.5E-03
9.93302E-09,-4.6E-03
9.93614E-09,-4.6E-03
9.93927E-09,-4.6E-03
9.94239E-09,-4.6E-03
9.94552E-09,-4.7E-03
9.94864E-09,-4.7E-03
9.95177E-09,-4.7E-03
9.95489E-09,-4.7E-03
9.95802E-09,-4.8E-03
9.96114E-09,-4.8E-03
9.96427E-09,-4.8E-03
9.96739E-09,-4.8E-03
9.97052E-09,-4.8E-03
9.97364E-09,-4.9E-03
9.97677E-09,-4.9E-03
9.97989E-09,-4.9E-03
9.98302E-09,-4.9E-03
9.98614E-09,-4.9E-03
9.98927E-09,-5.0E-03
9.99239E-09,-5.0E-03
9.99552E-09,-5.0E-03
9.99864E-09,-5.0E-03
1.000177E-08,-5.1E-03
1.000489E-08,-5.1E-03
1.000802E-08,-5.1E-03
1.001114E-08,-5.2E-03
1.001427E-08,-5.2E-03
1.001739E-08,-5.2E-03
1.002052E-08,-5.2E-03
1.002364E-08,-5.2E-03
1.002677E-08,-5.2E-03
1.002989E-08,-5.2E-03
1.003302E-08,-5.3E-03
1.003614E-08,-5.3E-03
1.003927E-08,-5.3E-03
1.004239E-08,-5.3E-03
1.004552E-08,-5.3E-03
1.004864E-08,-5.4E-03
1.005177E-08,-5.4E-03
1.005489E-08,-5.4E-03
1.005802E-08,-5.4E-03
1.006114E-08,-5.4E-03
1.006427E-08,-5.5E-03
1.006739E-08,-5.5E-03
1.007052E-08,-5.5E-03
1.007364E-08,-5.5E-03
1.007677E-08,-5.5E-03
1.007989E-08,-5.5E-03
1.008302E-08,-5.5E-03
1.008614E-08,-5.5E-03
1.008927E-08,-5.5E-03
1.009239E-08,-5.5E-03
1.009552E-08,-5.5E-03
1.009864E-08,-5.5E-03
1.010177E-08,-5.5E-03
1.010489E-08,-5.5E-03
1.010802E-08,-5.5E-03
1.011114E-08,-5.6E-03
1.011427E-08,-5.6E-03
1.011739E-08,-5.6E-03
1.012052E-08,-5.5E-03
1.012364E-08,-5.5E-03
1.012677E-08,-5.5E-03
1.012989E-08,-5.5E-03
1.013302E-08,-5.5E-03
1.013614E-08,-5.5E-03
1.013927E-08,-5.4E-03
1.014239E-08,-5.4E-03
1.014552E-08,-5.4E-03
1.014864E-08,-5.4E-03
1.015177E-08,-5.4E-03
1.015489E-08,-5.4E-03
1.015802E-08,-5.4E-03
1.016114E-08,-5.4E-03
1.016427E-08,-5.4E-03
1.016739E-08,-5.3E-03
1.017052E-08,-5.3E-03
1.017364E-08,-5.3E-03
1.017677E-08,-5.2E-03
1.017989E-08,-5.2E-03
1.018302E-08,-5.1E-03
1.018614E-08,-5.1E-03
1.018927E-08,-5.1E-03
1.019239E-08,-5.0E-03
1.019552E-08,-5.0E-03
1.019864E-08,-5.0E-03
1.020177E-08,-4.9E-03
1.020489E-08,-4.9E-03
1.020802E-08,-4.9E-03
1.021114E-08,-4.8E-03
1.021427E-08,-4.8E-03
1.021739E-08,-4.7E-03
1.022052E-08,-4.7E-03
1.022364E-08,-4.6E-03
1.022677E-08,-4.5E-03
1.022989E-08,-4.5E-03
1.023302E-08,-4.4E-03
1.023614E-08,-4.3E-03
1.023927E-08,-4.3E-03
1.024239E-08,-4.2E-03
1.024552E-08,-4.2E-03
1.024864E-08,-4.1E-03
1.025177E-08,-4.0E-03
1.025489E-08,-4.0E-03
1.025802E-08,-3.9E-03
1.026114E-08,-3.9E-03
1.026427E-08,-3.8E-03
1.026739E-08,-3.7E-03
1.027052E-08,-3.6E-03
1.027364E-08,-3.5E-03
1.027677E-08,-3.4E-03
1.027989E-08,-3.3E-03
1.028302E-08,-3.2E-03
1.028614E-08,-3.1E-03
1.028927E-08,-3.0E-03
1.029239E-08,-3.0E-03
1.029552E-08,-2.9E-03
1.029864E-08,-2.8E-03
1.030177E-08,-2.7E-03
1.030489E-08,-2.6E-03
1.030802E-08,-2.5E-03
1.031114E-08,-2.4E-03
1.031427E-08,-2.3E-03
1.031739E-08,-2.2E-03
1.032052E-08,-2.1E-03
1.032364E-08,-2.0E-03
1.032677E-08,-1.8E-03
1.032989E-08,-1.7E-03
1.033302E-08,-1.6E-03
1.033614E-08,-1.4E-03
1.033927E-08,-1.3E-03
1.034239E-08,-1.2E-03
1.034552E-08,-1.1E-03
1.034864E-08,-9E-04
1.035177E-08,-8E-04
1.035489E-08,-7E-04
1.035802E-08,-6E-04
1.036114E-08,-4E-04
1.036427E-08,-3E-04
1.036739E-08,-2E-04
1.037052E-08,0.0E+00
1.037364E-08,2E-04
1.037677E-08,3E-04
1.037989E-08,5E-04
1.038302E-08,7E-04
1.038614E-08,8E-04
1.038927E-08,1.0E-03
1.039239E-08,1.2E-03
1.039552E-08,1.3E-03
1.039864E-08,1.5E-03
1.040177E-08,1.6E-03
1.040489E-08,1.8E-03
1.040802E-08,2.0E-03
1.041114E-08,2.1E-03
1.041427E-08,2.3E-03
1.041739E-08,2.5E-03
1.042052E-08,2.7E-03
1.042364E-08,2.9E-03
1.042677E-08,3.1E-03
1.042989E-08,3.3E-03
1.043302E-08,3.5E-03
1.043614E-08,3.8E-03
1.043927E-08,4.0E-03
1.044239E-08,4.2E-03
1.044552E-08,4.4E-03
1.044864E-08,4.6E-03
1.045177E-08,4.8E-03
1.045489E-08,5.0E-03
1.045802E-08,5.2E-03
1.046114E-08,5.4E-03
1.046427E-08,5.6E-03
1.046739E-08,5.9E-03
1.047052E-08,6.1E-03
1.047364E-08,6.4E-03
1.047677E-08,6.6E-03
1.047989E-08,6.9E-03
1.048302E-08,7.1E-03
1.048614E-08,7.4E-03
1.048927E-08,7.6E-03
1.049239E-08,7.9E-03
1.049552E-08,8.1E-03
1.049864E-08,8.4E-03
1.050177E-08,8.6E-03
1.050489E-08,8.9E-03
1.050802E-08,9.2E-03
1.051114E-08,9.4E-03
1.051427E-08,9.7E-03
1.051739E-08,1.00E-02
1.052052E-08,1.03E-02
1.052364E-08,1.06E-02
1.052677E-08,1.09E-02
1.052989E-08,1.12E-02
1.053302E-08,1.15E-02
1.053614E-08,1.18E-02
1.053927E-08,1.21E-02
1.054239E-08,1.24E-02
1.054552E-08,1.27E-02
1.054864E-08,1.30E-02
1.055177E-08,1.33E-02
1.055489E-08,1.36E-02
1.055802E-08,1.39E-02
1.056114E-08,1.42E-02
1.056427E-08,1.45E-02
1.056739E-08,1.49E-02
1.057052E-08,1.52E-02
1.057364E-08,1.56E-02
1.057677E-08,1.59E-02
1.057989E-08,1.63E-02
1.058302E-08,1.66E-02
1.058614E-08,1.70E-02
1.058927E-08,1.73E-02
1.059239E-08,1.77E-02
1.059552E-08,1.81E-02
1.059864E-08,1.84E-02
1.060177E-08,1.88E-02
1.060489E-08,1.91E-02
1.060802E-08,1.95E-02
1.061114E-08,1.98E-02
1.061427E-08,2.02E-02
1.061739E-08,2.06E-02
1.062052E-08,2.10E-02
1.062364E-08,2.14E-02
1.062677E-08,2.18E-02
1.062989E-08,2.22E-02
1.063302E-08,2.26E-02
1.063614E-08,2.30E-02
1.063927E-08,2.34E-02
1.064239E-08,2.38E-02
1.064552E-08,2.42E-02
1.064864E-08,2.46E-02
1.065177E-08,2.50E-02
1.065489E-08,2.54E-02
1.065802E-08,2.58E-02
1.066114E-08,2.62E-02
1.066427E-08,2.66E-02
1.066739E-08,2.70E-02
1.067052E-08,2.75E-02
1.067364E-08,2.79E-02
1.067677E-08,2.83E-02
1.067989E-08,2.88E-02
1.068302E-08,2.92E-02
1.068614E-08,2.97E-02
1.068927E-08,3.01E-02
1.069239E-08,3.05E-02
1.069552E-08,3.10E-02
1.069864E-08,3.14E-02
1.070177E-08,3.18E-02
1.070489E-08,3.23E-02
1.070802E-08,3.27E-02
1.071114E-08,3.32E-02
1.071427E-08,3.36E-02
1.071739E-08,3.41E-02
1.072052E-08,3.45E-02
1.072364E-08,3.50E-02
1.072677E-08,3.55E-02
1.072989E-08,3.59E-02
1.073302E-08,3.64E-02
1.073614E-08,3.69E-02
1.073927E-08,3.74E-02
1.074239E-08,3.78E-02
1.074552E-08,3.83E-02
1.074864E-08,3.88E-02
1.075177E-08,3.92E-02
1.075489E-08,3.97E-02
1.075802E-08,4.02E-02
1.076114E-08,4.06E-02
1.076427E-08,4.11E-02
1.076739E-08,4.16E-02
1.077052E-08,4.21E-02
1.077364E-08,4.26E-02
1.077677E-08,4.31E-02
1.077989E-08,4.36E-02
1.078302E-08,4.41E-02
1.078614E-08,4.45E-02
1.078927E-08,4.50E-02
1.079239E-08,4.55E-02
1.079552E-08,4.60E-02
1.079864E-08,4.65E-02
1.080177E-08,4.70E-02
1.080489E-08,4.75E-02
1.080802E-08,4.80E-02
1.081114E-08,4.85E-02
1.081427E-08,4.89E-02
1.081739E-08,4.95E-02
1.082052E-08,5.00E-02
1.082364E-08,5.05E-02
1.082677E-08,5.10E-02
1.082989E-08,5.15E-02
1.083302E-08,5.20E-02
1.083614E-08,5.25E-02
1.083927E-08,5.30E-02
1.084239E-08,5.35E-02
1.084552E-08,5.40E-02
1.084864E-08,5.45E-02
1.085177E-08,5.50E-02
1.085489E-08,5.55E-02
1.085802E-08,5.60E-02
1.086114E-08,5.65E-02
1.086427E-08,5.70E-02
1.086739E-08,5.75E-02
1.087052E-08,5.80E-02
1.087364E-08,5.85E-02
1.087677E-08,5.90E-02
1.087989E-08,5.95E-02
1.088302E-08,6.00E-02
1.088614E-08,6.05E-02
1.088927E-08,6.10E-02
1.089239E-08,6.15E-02
1.089552E-08,6.20E-02
1.089864E-08,6.25E-02
1.090177E-08,6.30E-02
1.090489E-08,6.35E-02
1.090802E-08,6.40E-02
1.091114E-08,6.45E-02
1.091427E-08,6.50E-02
1.091739E-08,6.55E-02
1.092052E-08,6.61E-02
1.092364E-08,6.66E-02
1.092677E-08,6.71E-02
1.092989E-08,6.76E-02
1.093302E-08,6.81E-02
1.093614E-08,6.86E-02
1.093927E-08,6.91E-02
1.094239E-08,6.96E-02
1.094552E-08,7.01E-02
1.094864E-08,7.06E-02
1.095177E-08,7.11E-02
1.095489E-08,7.16E-02
1.095802E-08,7.21E-02
1.096114E-08,7.26E-02
1.096427E-08,7.31E-02
1.096739E-08,7.36E-02
1.097052E-08,7.41E-02
1.097364E-08,7.46E-02
1.097677E-08,7.51E-02
1.097989E-08,7.56E-02
1.098302E-08,7.61E-02
1.098614E-08,7.66E-02
1.098927E-08,7.71E-02
1.099239E-08,7.76E-02
1.099552E-08,7.80E-02
1.099864E-08,7.85E-02
1.100177E-08,7.90E-02
1.100489E-08,7.95E-02
1.100802E-08,8.00E-02
1.101114E-08,8.05E-02
1.101427E-08,8.10E-02
1.101739E-08,8.15E-02
1.102052E-08,8.20E-02
1.102364E-08,8.25E-02
1.102677E-08,8.29E-02
1.102989E-08,8.34E-02
1.103302E-08,8.39E-02
1.103614E-08,8.44E-02
1.103927E-08,8.48E-02
1.104239E-08,8.53E-02
1.104552E-08,8.58E-02
1.104864E-08,8.63E-02
1.105177E-08,8.67E-02
1.105489E-08,8.72E-02
1.105802E-08,8.77E-02
1.106114E-08,8.82E-02
1.106427E-08,8.87E-02
1.106739E-08,8.91E-02
1.107052E-08,8.96E-02
1.107364E-08,9.00E-02
1.107677E-08,9.05E-02
1.107989E-08,9.09E-02
1.108302E-08,9.14E-02
1.108614E-08,9.18E-02
1.108927E-08,9.23E-02
1.109239E-08,9.27E-02
1.109552E-08,9.32E-02
1.109864E-08,9.36E-02
1.110177E-08,9.41E-02
1.110489E-08,9.45E-02
1.110802E-08,9.50E-02
1.111114E-08,9.54E-02
1.111427E-08,9.59E-02
1.111739E-08,9.63E-02
1.112052E-08,9.68E-02
1.112364E-08,9.72E-02
1.112677E-08,9.76E-02
1.112989E-08,9.80E-02
1.113302E-08,9.84E-02
1.113614E-08,9.88E-02
1.113927E-08,9.92E-02
1.114239E-08,9.97E-02
1.114552E-08,1.001E-01
1.114864E-08,1.005E-01
1.115177E-08,1.009E-01
1.115489E-08,1.013E-01
1.115802E-08,1.017E-01
1.116114E-08,1.021E-01
1.116427E-08,1.025E-01
1.116739E-08,1.029E-01
1.117052E-08,1.033E-01
1.117364E-08,1.037E-01
1.117677E-08,1.041E-01
1.117989E-08,1.044E-01
1.118302E-08,1.048E-01
1.118614E-08,1.052E-01
1.118927E-08,1.055E-01
1.119239E-08,1.059E-01
1.119552E-08,1.063E-01
1.119864E-08,1.066E-01
1.120177E-08,1.070E-01
1.120489E-08,1.074E-01
1.120802E-08,1.077E-01
1.121114E-08,1.081E-01
1.121427E-08,1.084E-01
1.121739E-08,1.088E-01
1.122052E-08,1.091E-01
1.122364E-08,1.095E-01
1.122677E-08,1.098E-01
1.122989E-08,1.101E-01
1.123302E-08,1.104E-01
1.123614E-08,1.107E-01
1.123927E-08,1.110E-01
1.124239E-08,1.113E-01
1.124552E-08,1.116E-01
1.124864E-08,1.119E-01
1.125177E-08,1.123E-01
1.125489E-08,1.126E-01
1.125802E-08,1.129E-01
1.126114E-08,1.132E-01
1.126427E-08,1.135E-01
1.126739E-08,1.138E-01
1.127052E-08,1.140E-01
1.127364E-08,1.143E-01
1.127677E-08,1.146E-01
1.127989E-08,1.148E-01
1.128302E-08,1.151E-01
1.128614E-08,1.153E-01
1.128927E-08,1.156E-01
1.129239E-08,1.158E-01
1.129552E-08,1.161E-01
1.129864E-08,1.163E-01
1.130177E-08,1.166E-01
1.130489E-08,1.168E-01
1.130802E-08,1.171E-01
1.131114E-08,1.173E-01
1.131427E-08,1.176E-01
1.131739E-08,1.178E-01
1.132052E-08,1.180E-01
1.132364E-08,1.182E-01
1.132677E-08,1.184E-01
1.132989E-08,1.186E-01
1.133302E-08,1.188E-01
1.133614E-08,1.190E-01
1.133927E-08,1.192E-01
1.134239E-08,1.194E-01
1.134552E-08,1.196E-01
1.134864E-08,1.198E-01
1.135177E-08,1.200E-01
1.135489E-08,1.202E-01
1.135802E-08,1.203E-01
1.136114E-08,1.205E-01
1.136427E-08,1.207E-01
1.136739E-08,1.209E-01
1.137052E-08,1.210E-01
1.137364E-08,1.212E-01
1.137677E-08,1.213E-01
1.137989E-08,1.215E-01
1.138302E-08,1.216E-01
1.138614E-08,1.217E-01
1.138927E-08,1.219E-01
1.139239E-08,1.220E-01
1.139552E-08,1.221E-01
1.139864E-08,1.223E-01
1.140177E-08,1.224E-01
1.140489E-08,1.226E-01
1.140802E-08,1.227E-01
1.141114E-08,1.228E-01
1.141427E-08,1.230E-01
1.141739E-08,1.231E-01
1.142052E-08,1.232E-01
1.142364E-08,1.233E-01
1.142677E-08,1.234E-01
1.142989E-08,1.235E-01
1.143302E-08,1.236E-01
1.143614E-08,1.236E-01
1.143927E-08,1.237E-01
1.144239E-08,1.238E-01
1.144552E-08,1.239E-01
1.144864E-08,1.240E-01
1.145177E-08,1.241E-01
1.145489E-08,1.242E-01
1.145802E-08,1.243E-01
1.146114E-08,1.244E-01
1.146427E-08,1.244E-01
1.146739E-08,1.245E-01
1.147052E-08,1.246E-01
1.147364E-08,1.246E-01
1.147677E-08,1.247E-01
1.147989E-08,1.248E-01
1.148302E-08,1.248E-01
1.148614E-08,1.248E-01
1.148927E-08,1.249E-01
1.149239E-08,1.249E-01
1.149552E-08,1.250E-01
1.149864E-08,1.250E-01
1.150177E-08,1.251E-01
1.150489E-08,1.251E-01
1.150802E-08,1.252E-01
1.151114E-08,1.253E-01
1.151427E-08,1.253E-01
1.151739E-08,1.254E-01
1.152052E-08,1.254E-01
1.152364E-08,1.254E-01
1.152677E-08,1.254E-01
1.152989E-08,1.254E-01
1.153302E-08,1.255E-01
1.153614E-08,1.255E-01
1.153927E-08,1.255E-01
1.154239E-08,1.255E-01
1.154552E-08,1.255E-01
1.154864E-08,1.256E-01
1.155177E-08,1.256E-01
1.155489E-08,1.256E-01
1.155802E-08,1.256E-01
1.156114E-08,1.257E-01
1.156427E-08,1.257E-01
1.156739E-08,1.257E-01
1.157052E-08,1.257E-01
1.157364E-08,1.257E-01
1.157677E-08,1.257E-01
1.157989E-08,1.257E-01
1.158302E-08,1.257E-01
1.158614E-08,1.257E-01
1.158927E-08,1.257E-01
1.159239E-08,1.257E-01
1.159552E-08,1.257E-01
1.159864E-08,1.257E-01
1.160177E-08,1.257E-01
1.160489E-08,1.258E-01
1.160802E-08,1.258E-01
1.161114E-08,1.258E-01
1.161427E-08,1.258E-01
1.161739E-08,1.258E-01
1.162052E-08,1.258E-01
1.162364E-08,1.258E-01
1.162677E-08,1.258E-01
1.162989E-08,1.258E-01
1.163302E-08,1.257E-01
1.163614E-08,1.257E-01
1.163927E-08,1.257E-01
1.164239E-08,1.257E-01
1.164552E-08,1.257E-01
1.164864E-08,1.257E-01
1.165177E-08,1.257E-01
1.165489E-08,1.257E-01
1.165802E-08,1.257E-01
1.166114E-08,1.257E-01
1.166427E-08,1.257E-01
1.166739E-08,1.257E-01
1.167052E-08,1.257E-01
1.167364E-08,1.256E-01
1.167677E-08,1.256E-01
1.167989E-08,1.256E-01
1.168302E-08,1.256E-01
1.168614E-08,1.256E-01
1.168927E-08,1.256E-01
1.169239E-08,1.255E-01
1.169552E-08,1.255E-01
1.169864E-08,1.255E-01
1.170177E-08,1.255E-01
1.170489E-08,1.255E-01
1.170802E-08,1.255E-01
1.171114E-08,1.255E-01
1.171427E-08,1.255E-01
1.171739E-08,1.255E-01
1.172052E-08,1.255E-01
1.172364E-08,1.255E-01
1.172677E-08,1.254E-01
1.172989E-08,1.254E-01
1.173302E-08,1.254E-01
1.173614E-08,1.254E-01
1.173927E-08,1.254E-01
1.174239E-08,1.254E-01
1.174552E-08,1.254E-01
1.174864E-08,1.254E-01
1.175177E-08,1.253E-01
1.175489E-08,1.253E-01
1.175802E-08,1.253E-01
1.176114E-08,1.253E-01
1.176427E-08,1.253E-01
1.176739E-08,1.254E-01
1.177052E-08,1.253E-01
1.177364E-08,1.253E-01
1.177677E-08,1.253E-01
1.177989E-08,1.253E-01
1.178302E-08,1.253E-01
1.178614E-08,1.253E-01
1.178927E-08,1.253E-01
1.179239E-08,1.253E-01
1.179552E-08,1.253E-01
1.179864E-08,1.253E-01
1.180177E-08,1.253E-01
1.180489E-08,1.253E-01
1.180802E-08,1.253E-01
1.181114E-08,1.253E-01
1.181427E-08,1.253E-01
1.181739E-08,1.253E-01
1.182052E-08,1.253E-01
1.182364E-08,1.253E-01
1.182677E-08,1.254E-01
1.182989E-08,1.254E-01
1.183302E-08,1.254E-01
1.183614E-08,1.254E-01
1.183927E-08,1.254E-01
1.184239E-08,1.254E-01
1.184552E-08,1.254E-01
1.184864E-08,1.254E-01
1.185177E-08,1.254E-01
1.185489E-08,1.254E-01
1.185802E-08,1.254E-01
1.186114E-08,1.254E-01
1.186427E-08,1.255E-01
1.186739E-08,1.255E-01
1.187052E-08,1.255E-01
1.187364E-08,1.255E-01
1.187677E-08,1.255E-01
1.187989E-08,1.255E-01
1.188302E-08,1.256E-01
1.188614E-08,1.256E-01
1.188927E-08,1.256E-01
1.189239E-08,1.256E-01
1.189552E-08,1.256E-01
1.189864E-08,1.256E-01
1.190177E-08,1.256E-01
1.190489E-08,1.257E-01
1.190802E-08,1.257E-01
1.191114E-08,1.257E-01
1.191427E-08,1.257E-01
1.191739E-08,1.258E-01
1.192052E-08,1.258E-01
1.192364E-08,1.258E-01
1.192677E-08,1.258E-01
1.192989E-08,1.258E-01
1.193302E-08,1.259E-01
1.193614E-08,1.259E-01
1.193927E-08,1.259E-01
1.194239E-08,1.259E-01
1.194552E-08,1.259E-01
1.194864E-08,1.260E-01
1.195177E-08,1.260E-01
1.195489E-08,1.260E-01
1.195802E-08,1.260E-01
1.196114E-08,1.261E-01
1.196427E-08,1.261E-01
1.196739E-08,1.261E-01
1.197052E-08,1.261E-01
1.197364E-08,1.262E-01
1.197677E-08,1.262E-01
1.197989E-08,1.262E-01
1.198302E-08,1.263E-01
1.198614E-08,1.263E-01
1.198927E-08,1.263E-01
1.199239E-08,1.263E-01
1.199552E-08,1.264E-01
1.199864E-08,1.264E-01
1.200177E-08,1.264E-01
1.200489E-08,1.264E-01
1.200802E-08,1.264E-01
1.201114E-08,1.265E-01
1.201427E-08,1.265E-01
1.201739E-08,1.265E-01
1.202052E-08,1.266E-01
1.202364E-08,1.266E-01
1.202677E-08,1.266E-01
1.202989E-08,1.266E-01
1.203302E-08,1.267E-01
1.203614E-08,1.267E-01
1.203927E-08,1.267E-01
1.204239E-08,1.268E-01
1.204552E-08,1.268E-01
1.204864E-08,1.268E-01
1.205177E-08,1.268E-01
1.205489E-08,1.268E-01
1.205802E-08,1.268E-01
1.206114E-08,1.269E-01
1.206427E-08,1.269E-01
1.206739E-08,1.269E-01
1.207052E-08,1.270E-01
1.207364E-08,1.270E-01
1.207677E-08,1.270E-01
1.207989E-08,1.270E-01
1.208302E-08,1.271E-01
1.208614E-08,1.271E-01
1.208927E-08,1.271E-01
1.209239E-08,1.271E-01
1.209552E-08,1.271E-01
1.209864E-08,1.272E-01
1.210177E-08,1.272E-01
1.210489E-08,1.272E-01
1.210802E-08,1.272E-01
1.211114E-08,1.272E-01
1.211427E-08,1.273E-01
1.211739E-08,1.273E-01
1.212052E-08,1.273E-01
1.212364E-08,1.273E-01
1.212677E-08,1.274E-01
1.212989E-08,1.274E-01
1.213302E-08,1.274E-01
1.213614E-08,1.274E-01
1.213927E-08,1.275E-01
1.214239E-08,1.275E-01
1.214552E-08,1.275E-01
1.214864E-08,1.275E-01
1.215177E-08,1.275E-01
1.215489E-08,1.275E-01
1.215802E-08,1.276E-01
1.216114E-08,1.276E-01
1.216427E-08,1.276E-01
1.216739E-08,1.276E-01
1.217052E-08,1.277E-01
1.217364E-08,1.277E-01
1.217677E-08,1.277E-01
1.217989E-08,1.277E-01
1.218302E-08,1.278E-01
1.218614E-08,1.278E-01
1.218927E-08,1.278E-01
1.219239E-08,1.278E-01
1.219552E-08,1.278E-01
1.219864E-08,1.279E-01
1.220177E-08,1.279E-01
1.220489E-08,1.279E-01
1.220802E-08,1.279E-01
1.221114E-08,1.280E-01
1.221427E-08,1.280E-01
1.221739E-08,1.280E-01
1.222052E-08,1.280E-01
1.222364E-08,1.281E-01
1.222677E-08,1.281E-01
1.222989E-08,1.281E-01
1.223302E-08,1.281E-01
1.223614E-08,1.282E-01
1.223927E-08,1.282E-01
1.224239E-08,1.282E-01
1.224552E-08,1.283E-01
1.224864E-08,1.283E-01
1.225177E-08,1.283E-01
1.225489E-08,1.284E-01
1.225802E-08,1.284E-01
1.226114E-08,1.284E-01
1.226427E-08,1.285E-01
1.226739E-08,1.285E-01
1.227052E-08,1.285E-01
1.227364E-08,1.285E-01
1.227677E-08,1.286E-01
1.227989E-08,1.286E-01
1.228302E-08,1.287E-01
1.228614E-08,1.287E-01
1.228927E-08,1.287E-01
1.229239E-08,1.288E-01
1.229552E-08,1.288E-01
1.229864E-08,1.288E-01
1.230177E-08,1.289E-01
1.230489E-08,1.289E-01
1.230802E-08,1.290E-01
1.231114E-08,1.290E-01
1.231427E-08,1.291E-01
1.231739E-08,1.291E-01
1.232052E-08,1.291E-01
1.232364E-08,1.292E-01
1.232677E-08,1.292E-01
1.232989E-08,1.293E-01
1.233302E-08,1.293E-01
1.233614E-08,1.294E-01
1.233927E-08,1.294E-01
1.234239E-08,1.295E-01
1.234552E-08,1.295E-01
1.234864E-08,1.296E-01
1.235177E-08,1.296E-01
1.235489E-08,1.297E-01
1.235802E-08,1.297E-01
1.236114E-08,1.298E-01
1.236427E-08,1.298E-01
1.236739E-08,1.299E-01
1.237052E-08,1.299E-01
1.237364E-08,1.300E-01
1.237677E-08,1.301E-01
1.237989E-08,1.301E-01
1.238302E-08,1.302E-01
1.238614E-08,1.302E-01
1.238927E-08,1.303E-01
1.239239E-08,1.303E-01
1.239552E-08,1.304E-01
1.239864E-08,1.305E-01
1.240177E-08,1.305E-01
1.240489E-08,1.306E-01
1.240802E-08,1.307E-01
1.241114E-08,1.307E-01
1.241427E-08,1.308E-01
1.241739E-08,1.309E-01
1.242052E-08,1.309E-01
1.242364E-08,1.310E-01
1.242677E-08,1.311E-01
1.242989E-08,1.311E-01
1.243302E-08,1.312E-01
1.243614E-08,1.312E-01
1.243927E-08,1.313E-01
1.244239E-08,1.314E-01
1.244552E-08,1.314E-01
1.244864E-08,1.315E-01
1.245177E-08,1.316E-01
1.245489E-08,1.317E-01
1.245802E-08,1.317E-01
1.246114E-08,1.318E-01
1.246427E-08,1.319E-01
1.246739E-08,1.319E-01
1.247052E-08,1.320E-01
1.247364E-08,1.321E-01
1.247677E-08,1.321E-01
1.247989E-08,1.322E-01
1.248302E-08,1.323E-01
1.248614E-08,1.323E-01
1.248927E-08,1.324E-01
1.249239E-08,1.325E-01
1.249552E-08,1.325E-01
1.249864E-08,1.326E-01
1.250177E-08,1.327E-01
1.250489E-08,1.327E-01
1.250802E-08,1.328E-01
1.251114E-08,1.329E-01
1.251427E-08,1.330E-01
1.251739E-08,1.330E-01
1.252052E-08,1.331E-01
1.252364E-08,1.331E-01
1.252677E-08,1.332E-01
1.252989E-08,1.332E-01
1.253302E-08,1.333E-01
1.253614E-08,1.334E-01
1.253927E-08,1.334E-01
1.254239E-08,1.335E-01
1.254552E-08,1.335E-01
1.254864E-08,1.336E-01
1.255177E-08,1.337E-01
1.255489E-08,1.337E-01
1.255802E-08,1.338E-01
1.256114E-08,1.338E-01
1.256427E-08,1.339E-01
1.256739E-08,1.339E-01
1.257052E-08,1.340E-01
1.257364E-08,1.340E-01
1.257677E-08,1.340E-01
1.257989E-08,1.341E-01
1.258302E-08,1.341E-01
1.258614E-08,1.341E-01
1.258927E-08,1.342E-01
1.259239E-08,1.342E-01
1.259552E-08,1.343E-01
1.259864E-08,1.343E-01
1.260177E-08,1.343E-01
1.260489E-08,1.344E-01
1.260802E-08,1.344E-01
1.261114E-08,1.344E-01
1.261427E-08,1.345E-01
1.261739E-08,1.345E-01
1.262052E-08,1.345E-01
1.262364E-08,1.345E-01
1.262677E-08,1.345E-01
1.262989E-08,1.345E-01
1.263302E-08,1.346E-01
1.263614E-08,1.346E-01
1.263927E-08,1.346E-01
1.264239E-08,1.346E-01
1.264552E-08,1.346E-01
1.264864E-08,1.346E-01
1.265177E-08,1.346E-01
1.265489E-08,1.346E-01
1.265802E-08,1.346E-01
1.266114E-08,1.346E-01
1.266427E-08,1.346E-01
1.266739E-08,1.346E-01
1.267052E-08,1.346E-01
1.267364E-08,1.346E-01
1.267677E-08,1.346E-01
1.267989E-08,1.345E-01
1.268302E-08,1.345E-01
1.268614E-08,1.345E-01
1.268927E-08,1.345E-01
1.269239E-08,1.344E-01
1.269552E-08,1.344E-01
1.269864E-08,1.344E-01
1.270177E-08,1.344E-01
1.270489E-08,1.344E-01
1.270802E-08,1.343E-01
1.271114E-08,1.343E-01
1.271427E-08,1.343E-01
1.271739E-08,1.342E-01
1.272052E-08,1.342E-01
1.272364E-08,1.341E-01
1.272677E-08,1.341E-01
1.272989E-08,1.340E-01
1.273302E-08,1.339E-01
1.273614E-08,1.339E-01
1.273927E-08,1.338E-01
1.274239E-08,1.338E-01
1.274552E-08,1.337E-01
1.274864E-08,1.337E-01
1.275177E-08,1.336E-01
1.275489E-08,1.336E-01
1.275802E-08,1.335E-01
1.276114E-08,1.334E-01
1.276427E-08,1.334E-01
1.276739E-08,1.333E-01
1.277052E-08,1.332E-01
1.277364E-08,1.331E-01
1.277677E-08,1.330E-01
1.277989E-08,1.329E-01
1.278302E-08,1.328E-01
1.278614E-08,1.327E-01
1.278927E-08,1.327E-01
1.279239E-08,1.326E-01
1.279552E-08,1.325E-01
1.279864E-08,1.324E-01
1.280177E-08,1.323E-01
1.280489E-08,1.322E-01
1.280802E-08,1.322E-01
1.281114E-08,1.321E-01
1.281427E-08,1.320E-01
1.281739E-08,1.319E-01
1.282052E-08,1.317E-01
1.282364E-08,1.316E-01
1.282677E-08,1.315E-01
1.282989E-08,1.314E-01
1.283302E-08,1.312E-01
1.283614E-08,1.311E-01
1.283927E-08,1.310E-01
1.284239E-08,1.309E-01
1.284552E-08,1.308E-01
1.284864E-08,1.307E-01
1.285177E-08,1.306E-01
1.285489E-08,1.305E-01
1.285802E-08,1.303E-01
1.286114E-08,1.302E-01
1.286427E-08,1.301E-01
1.286739E-08,1.300E-01
1.287052E-08,1.298E-01
1.287364E-08,1.297E-01
1.287677E-08,1.295E-01
1.287989E-08,1.294E-01
1.288302E-08,1.292E-01
1.288614E-08,1.291E-01
1.288927E-08,1.289E-01
1.289239E-08,1.288E-01
1.289552E-08,1.287E-01
1.289864E-08,1.285E-01
1.290177E-08,1.284E-01
1.290489E-08,1.283E-01
1.290802E-08,1.281E-01
1.291114E-08,1.280E-01
1.291427E-08,1.278E-01
1.291739E-08,1.277E-01
1.292052E-08,1.275E-01
1.292364E-08,1.273E-01
1.292677E-08,1.272E-01
1.292989E-08,1.270E-01
1.293302E-08,1.268E-01
1.293614E-08,1.266E-01
1.293927E-08,1.265E-01
1.294239E-08,1.263E-01
1.294552E-08,1.261E-01
1.294864E-08,1.260E-01
1.295177E-08,1.258E-01
1.295489E-08,1.257E-01
1.295802E-08,1.255E-01
1.296114E-08,1.253E-01
1.296427E-08,1.252E-01
1.296739E-08,1.250E-01
1.297052E-08,1.248E-01
1.297364E-08,1.246E-01
1.297677E-08,1.244E-01
1.297989E-08,1.242E-01
1.298302E-08,1.240E-01
1.298614E-08,1.238E-01
1.298927E-08,1.236E-01
1.299239E-08,1.234E-01
1.299552E-08,1.232E-01
1.299864E-08,1.230E-01
1.300177E-08,1.229E-01
1.300489E-08,1.227E-01
1.300802E-08,1.225E-01
1.301114E-08,1.223E-01
1.301427E-08,1.221E-01
1.301739E-08,1.219E-01
1.302052E-08,1.216E-01
1.302364E-08,1.214E-01
1.302677E-08,1.212E-01
1.302989E-08,1.209E-01
1.303302E-08,1.207E-01
1.303614E-08,1.205E-01
1.303927E-08,1.203E-01
1.304239E-08,1.200E-01
1.304552E-08,1.198E-01
1.304864E-08,1.196E-01
1.305177E-08,1.194E-01
1.305489E-08,1.192E-01
1.305802E-08,1.189E-01
1.306114E-08,1.187E-01
1.306427E-08,1.185E-01
1.306739E-08,1.182E-01
1.307052E-08,1.180E-01
1.307364E-08,1.177E-01
1.307677E-08,1.174E-01
1.307989E-08,1.172E-01
1.308302E-08,1.169E-01
1.308614E-08,1.166E-01
1.308927E-08,1.164E-01
1.309239E-08,1.161E-01
1.309552E-08,1.159E-01
1.309864E-08,1.156E-01
1.310177E-08,1.153E-01
1.310489E-08,1.151E-01
1.310802E-08,1.148E-01
1.311114E-08,1.146E-01
1.311427E-08,1.143E-01
1.311739E-08,1.140E-01
1.312052E-08,1.137E-01
1.312364E-08,1.134E-01
1.312677E-08,1.131E-01
1.312989E-08,1.128E-01
1.313302E-08,1.125E-01
1.313614E-08,1.122E-01
1.313927E-08,1.119E-01
1.314239E-08,1.116E-01
1.314552E-08,1.113E-01
1.314864E-08,1.110E-01
1.315177E-08,1.107E-01
1.315489E-08,1.104E-01
1.315802E-08,1.101E-01
1.316114E-08,1.098E-01
1.316427E-08,1.095E-01
1.316739E-08,1.091E-01
1.317052E-08,1.088E-01
1.317364E-08,1.085E-01
1.317677E-08,1.081E-01
1.317989E-08,1.078E-01
1.318302E-08,1.074E-01
1.318614E-08,1.071E-01
1.318927E-08,1.067E-01
1.319239E-08,1.064E-01
1.319552E-08,1.060E-01
1.319864E-08,1.057E-01
1.320177E-08,1.054E-01
1.320489E-08,1.050E-01
1.320802E-08,1.047E-01
1.321114E-08,1.043E-01
1.321427E-08,1.039E-01
1.321739E-08,1.036E-01
1.322052E-08,1.032E-01
1.322364E-08,1.028E-01
1.322677E-08,1.024E-01
1.322989E-08,1.021E-01
1.323302E-08,1.017E-01
1.323614E-08,1.013E-01
1.323927E-08,1.009E-01
1.324239E-08,1.005E-01
1.324552E-08,1.001E-01
1.324864E-08,9.97E-02
1.325177E-08,9.94E-02
1.325489E-08,9.90E-02
1.325802E-08,9.86E-02
1.326114E-08,9.82E-02
1.326427E-08,9.78E-02
1.326739E-08,9.74E-02
1.327052E-08,9.70E-02
1.327364E-08,9.65E-02
1.327677E-08,9.61E-02
1.327989E-08,9.57E-02
1.328302E-08,9.53E-02
1.328614E-08,9.49E-02
1.328927E-08,9.44E-02
1.329239E-08,9.40E-02
1.329552E-08,9.36E-02
1.329864E-08,9.32E-02
1.330177E-08,9.28E-02
1.330489E-08,9.23E-02
1.330802E-08,9.19E-02
1.331114E-08,9.15E-02
1.331427E-08,9.11E-02
1.331739E-08,9.06E-02
1.332052E-08,9.02E-02
1.332364E-08,8.97E-02
1.332677E-08,8.93E-02
1.332989E-08,8.88E-02
1.333302E-08,8.84E-02
1.333614E-08,8.79E-02
1.333927E-08,8.75E-02
1.334239E-08,8.70E-02
1.334552E-08,8.66E-02
1.334864E-08,8.61E-02
1.335177E-08,8.57E-02
1.335489E-08,8.52E-02
1.335802E-08,8.48E-02
1.336114E-08,8.43E-02
1.336427E-08,8.38E-02
1.336739E-08,8.34E-02
1.337052E-08,8.29E-02
1.337364E-08,8.24E-02
1.337677E-08,8.20E-02
1.337989E-08,8.15E-02
1.338302E-08,8.10E-02
1.338614E-08,8.06E-02
1.338927E-08,8.01E-02
1.339239E-08,7.96E-02
1.339552E-08,7.92E-02
1.339864E-08,7.87E-02
1.340177E-08,7.82E-02
1.340489E-08,7.77E-02
1.340802E-08,7.73E-02
1.341114E-08,7.68E-02
1.341427E-08,7.63E-02
1.341739E-08,7.58E-02
1.342052E-08,7.54E-02
1.342364E-08,7.49E-02
1.342677E-08,7.44E-02
1.342989E-08,7.39E-02
1.343302E-08,7.34E-02
1.343614E-08,7.29E-02
1.343927E-08,7.25E-02
1.344239E-08,7.20E-02
1.344552E-08,7.15E-02
1.344864E-08,7.10E-02
1.345177E-08,7.05E-02
1.345489E-08,7.01E-02
1.345802E-08,6.96E-02
1.346114E-08,6.91E-02
1.346427E-08,6.86E-02
1.346739E-08,6.81E-02
1.347052E-08,6.77E-02
1.347364E-08,6.72E-02
1.347677E-08,6.67E-02
1.347989E-08,6.62E-02
1.348302E-08,6.57E-02
1.348614E-08,6.52E-02
1.348927E-08,6.48E-02
1.349239E-08,6.43E-02
1.349552E-08,6.38E-02
1.349864E-08,6.33E-02
1.350177E-08,6.28E-02
1.350489E-08,6.23E-02
1.350802E-08,6.19E-02
1.351114E-08,6.14E-02
1.351427E-08,6.09E-02
1.351739E-08,6.04E-02
1.352052E-08,6.00E-02
1.352364E-08,5.95E-02
1.352677E-08,5.90E-02
1.352989E-08,5.85E-02
1.353302E-08,5.81E-02
1.353614E-08,5.76E-02
1.353927E-08,5.71E-02
1.354239E-08,5.66E-02
1.354552E-08,5.62E-02
1.354864E-08,5.57E-02
1.355177E-08,5.52E-02
1.355489E-08,5.47E-02
1.355802E-08,5.42E-02
1.356114E-08,5.38E-02
1.356427E-08,5.33E-02
1.356739E-08,5.28E-02
1.357052E-08,5.24E-02
1.357364E-08,5.19E-02
1.357677E-08,5.14E-02
1.357989E-08,5.10E-02
1.358302E-08,5.05E-02
1.358614E-08,5.01E-02
1.358927E-08,4.96E-02
1.359239E-08,4.91E-02
1.359552E-08,4.87E-02
1.359864E-08,4.82E-02
1.360177E-08,4.77E-02
1.360489E-08,4.73E-02
1.360802E-08,4.68E-02
1.361114E-08,4.64E-02
1.361427E-08,4.59E-02
1.361739E-08,4.54E-02
1.362052E-08,4.50E-02
1.362364E-08,4.45E-02
1.362677E-08,4.41E-02
1.362989E-08,4.37E-02
1.363302E-08,4.32E-02
1.363614E-08,4.28E-02
1.363927E-08,4.23E-02
1.364239E-08,4.19E-02
1.364552E-08,4.14E-02
1.364864E-08,4.10E-02
1.365177E-08,4.05E-02
1.365489E-08,4.01E-02
1.365802E-08,3.96E-02
1.366114E-08,3.92E-02
1.366427E-08,3.87E-02
1.366739E-08,3.83E-02
1.367052E-08,3.79E-02
1.367364E-08,3.74E-02
1.367677E-08,3.70E-02
1.367989E-08,3.66E-02
1.368302E-08,3.62E-02
1.368614E-08,3.58E-02
1.368927E-08,3.53E-02
1.369239E-08,3.49E-02
1.369552E-08,3.45E-02
1.369864E-08,3.41E-02
1.370177E-08,3.36E-02
1.370489E-08,3.32E-02
1.370802E-08,3.28E-02
1.371114E-08,3.24E-02
1.371427E-08,3.19E-02
1.371739E-08,3.15E-02
1.372052E-08,3.11E-02
1.372364E-08,3.07E-02
1.372677E-08,3.03E-02
1.372989E-08,2.99E-02
1.373302E-08,2.95E-02
1.373614E-08,2.91E-02
1.373927E-08,2.87E-02
1.374239E-08,2.83E-02
1.374552E-08,2.79E-02
1.374864E-08,2.75E-02
1.375177E-08,2.71E-02
1.375489E-08,2.67E-02
1.375802E-08,2.63E-02
1.376114E-08,2.59E-02
1.376427E-08,2.55E-02
1.376739E-08,2.51E-02
1.377052E-08,2.47E-02
1.377364E-08,2.44E-02
1.377677E-08,2.40E-02
1.377989E-08,2.36E-02
1.378302E-08,2.33E-02
1.378614E-08,2.29E-02
1.378927E-08,2.25E-02
1.379239E-08,2.22E-02
1.379552E-08,2.18E-02
1.379864E-08,2.14E-02
1.380177E-08,2.10E-02
1.380489E-08,2.07E-02
1.380802E-08,2.03E-02
1.381114E-08,1.99E-02
1.381427E-08,1.96E-02
1.381739E-08,1.92E-02
1.382052E-08,1.89E-02
1.382364E-08,1.85E-02
1.382677E-08,1.82E-02
1.382989E-08,1.79E-02
1.383302E-08,1.75E-02
1.383614E-08,1.72E-02
1.383927E-08,1.69E-02
1.384239E-08,1.66E-02
1.384552E-08,1.62E-02
1.384864E-08,1.59E-02
1.385177E-08,1.55E-02
1.385489E-08,1.52E-02
1.385802E-08,1.49E-02
1.386114E-08,1.46E-02
1.386427E-08,1.42E-02
1.386739E-08,1.39E-02
1.387052E-08,1.36E-02
1.387364E-08,1.33E-02
1.387677E-08,1.30E-02
1.387989E-08,1.27E-02
1.388302E-08,1.25E-02
1.388614E-08,1.22E-02
1.388927E-08,1.19E-02
1.389239E-08,1.16E-02
1.389552E-08,1.13E-02
1.389864E-08,1.10E-02
1.390177E-08,1.07E-02
1.390489E-08,1.05E-02
1.390802E-08,1.02E-02
1.391114E-08,9.9E-03
1.391427E-08,9.6E-03
1.391739E-08,9.3E-03
1.392052E-08,9.1E-03
1.392364E-08,8.8E-03
1.392677E-08,8.6E-03
1.392989E-08,8.4E-03
1.393302E-08,8.1E-03
1.393614E-08,7.9E-03
1.393927E-08,7.7E-03
1.394239E-08,7.4E-03
1.394552E-08,7.2E-03
1.394864E-08,7.0E-03
1.395177E-08,6.7E-03
1.395489E-08,6.5E-03
1.395802E-08,6.3E-03
1.396114E-08,6.0E-03
1.396427E-08,5.8E-03
1.396739E-08,5.6E-03
1.397052E-08,5.4E-03
1.397364E-08,5.2E-03
1.397677E-08,5.0E-03
1.397989E-08,4.8E-03
1.398302E-08,4.7E-03
1.398614E-08,4.5E-03
1.398927E-08,4.3E-03
1.399239E-08,4.1E-03
1.399552E-08,4.0E-03
1.399864E-08,3.8E-03
1.400177E-08,3.6E-03
1.400489E-08,3.4E-03
1.400802E-08,3.3E-03
1.401114E-08,3.1E-03
1.401427E-08,2.9E-03
1.401739E-08,2.8E-03
1.402052E-08,2.6E-03
1.402364E-08,2.5E-03
1.402677E-08,2.4E-03
1.402989E-08,2.2E-03
1.403302E-08,2.1E-03
1.403614E-08,2.0E-03
1.403927E-08,1.9E-03
1.404239E-08,1.8E-03
1.404552E-08,1.7E-03
1.404864E-08,1.6E-03
1.405177E-08,1.4E-03
1.405489E-08,1.3E-03
1.405802E-08,1.2E-03
1.406114E-08,1.1E-03
1.406427E-08,1.0E-03
1.406739E-08,9E-04
1.407052E-08,8E-04
1.407364E-08,7E-04
1.407677E-08,6E-04
1.407989E-08,6E-04
1.408302E-08,5E-04
1.408614E-08,4E-04
1.408927E-08,4E-04
1.409239E-08,3E-04
1.409552E-08,3E-04
1.409864E-08,2E-04
1.410177E-08,1E-04
1.410489E-08,1E-04
1.410802E-08,0.0E+00
1.411114E-08,0.0E+00
1.411427E-08,-1E-04
1.411739E-08,-2E-04
1.412052E-08,-2E-04
1.412364E-08,-2E-04
1.412677E-08,-2E-04
1.412989E-08,-3E-04
1.413302E-08,-3E-04
1.413614E-08,-3E-04
1.413927E-08,-3E-04
1.414239E-08,-3E-04
1.414552E-08,-3E-04
1.414864E-08,-3E-04
1.415177E-08,-4E-04
1.415489E-08,-4E-04
1.415802E-08,-4E-04
1.416114E-08,-4E-04
1.416427E-08,-4E-04
1.416739E-08,-4E-04
1.417052E-08,-4E-04
1.417364E-08,-4E-04
1.417677E-08,-4E-04
1.417989E-08,-4E-04
1.418302E-08,-4E-04
1.418614E-08,-3E-04
1.418927E-08,-3E-04
1.419239E-08,-3E-04
1.419552E-08,-3E-04
1.419864E-08,-3E-04
1.420177E-08,-3E-04
1.420489E-08,-2E-04
1.420802E-08,-2E-04
1.421114E-08,-2E-04
1.421427E-08,-2E-04
1.421739E-08,-2E-04
1.422052E-08,-1E-04
1.422364E-08,-1E-04
1.422677E-08,-1E-04
1.422989E-08,0.0E+00
1.423302E-08,0.0E+00
1.423614E-08,0.0E+00
1.423927E-08,1E-04
1.424239E-08,1E-04
1.424552E-08,2E-04
1.424864E-08,2E-04
1.425177E-08,2E-04
1.425489E-08,3E-04
1.425802E-08,3E-04
1.426114E-08,3E-04
1.426427E-08,3E-04
1.426739E-08,4E-04
1.427052E-08,4E-04
1.427364E-08,4E-04
1.427677E-08,5E-04
1.427989E-08,5E-04
1.428302E-08,6E-04
1.428614E-08,6E-04
1.428927E-08,7E-04
1.429239E-08,7E-04
1.429552E-08,8E-04
1.429864E-08,8E-04
1.430177E-08,8E-04
1.430489E-08,8E-04
1.430802E-08,9E-04
1.431114E-08,9E-04
1.431427E-08,9E-04
1.431739E-08,9E-04
1.432052E-08,1.0E-03
1.432364E-08,1.0E-03
1.432677E-08,1.1E-03
1.432989E-08,1.1E-03
1.433302E-08,1.1E-03
1.433614E-08,1.2E-03
1.433927E-08,1.2E-03
1.434239E-08,1.2E-03
1.434552E-08,1.3E-03
1.434864E-08,1.3E-03
1.435177E-08,1.3E-03
1.435489E-08,1.3E-03
1.435802E-08,1.3E-03
1.436114E-08,1.3E-03
1.436427E-08,1.3E-03
1.436739E-08,1.4E-03
1.437052E-08,1.4E-03
1.437364E-08,1.4E-03
1.437677E-08,1.4E-03
1.437989E-08,1.4E-03
1.438302E-08,1.4E-03
1.438614E-08,1.5E-03
1.438927E-08,1.5E-03
1.439239E-08,1.5E-03
1.439552E-08,1.5E-03
1.439864E-08,1.5E-03
1.440177E-08,1.5E-03
1.440489E-08,1.5E-03
1.440802E-08,1.5E-03
1.441114E-08,1.5E-03
1.441427E-08,1.5E-03
1.441739E-08,1.5E-03
1.442052E-08,1.5E-03
1.442364E-08,1.5E-03
1.442677E-08,1.5E-03
1.442989E-08,1.5E-03
1.443302E-08,1.5E-03
1.443614E-08,1.5E-03
1.443927E-08,1.5E-03
1.444239E-08,1.5E-03
1.444552E-08,1.5E-03
1.444864E-08,1.4E-03
1.445177E-08,1.4E-03
1.445489E-08,1.4E-03
1.445802E-08,1.4E-03
1.446114E-08,1.4E-03
1.446427E-08,1.4E-03
1.446739E-08,1.3E-03
1.447052E-08,1.3E-03
1.447364E-08,1.3E-03
1.447677E-08,1.3E-03
1.447989E-08,1.3E-03
1.448302E-08,1.2E-03
1.448614E-08,1.2E-03
1.448927E-08,1.2E-03
1.449239E-08,1.2E-03
1.449552E-08,1.1E-03
1.449864E-08,1.1E-03
1.450177E-08,1.1E-03
1.450489E-08,1.1E-03
1.450802E-08,1.0E-03
1.451114E-08,1.0E-03
1.451427E-08,1.0E-03
1.451739E-08,9E-04
1.452052E-08,9E-04
1.452364E-08,9E-04
1.452677E-08,8E-04
1.452989E-08,8E-04
1.453302E-08,8E-04
1.453614E-08,8E-04
1.453927E-08,7E-04
1.454239E-08,7E-04
1.454552E-08,7E-04
1.454864E-08,6E-04
1.455177E-08,6E-04
1.455489E-08,6E-04
1.455802E-08,6E-04
1.456114E-08,5E-04
1.456427E-08,5E-04
1.456739E-08,5E-04
1.457052E-08,4E-04
1.457364E-08,4E-04
1.457677E-08,4E-04
1.457989E-08,4E-04
1.458302E-08,3E-04
1.458614E-08,3E-04
1.458927E-08,3E-04
1.459239E-08,3E-04
1.459552E-08,2E-04
1.459864E-08,2E-04
1.460177E-08,2E-04
1.460489E-08,2E-04
1.460802E-08,1E-04
1.461114E-08,1E-04
1.461427E-08,1E-04
1.461739E-08,1E-04
1.462052E-08,1E-04
1.462364E-08,0.0E+00
1.462677E-08,0.0E+00
1.462989E-08,0.0E+00
1.463302E-08,0.0E+00
1.463614E-08,0.0E+00
1.463927E-08,-1E-04
1.464239E-08,-1E-04
1.464552E-08,-1E-04
1.464864E-08,-1E-04
1.465177E-08,-1E-04
1.465489E-08,-1E-04
1.465802E-08,-1E-04
1.466114E-08,-1E-04
1.466427E-08,-1E-04
1.466739E-08,-1E-04
1.467052E-08,-1E-04
1.467364E-08,-1E-04
1.467677E-08,-1E-04
1.467989E-08,-1E-04
1.468302E-08,-1E-04
1.468614E-08,-1E-04
1.468927E-08,-1E-04
1.469239E-08,-1E-04
1.469552E-08,-1E-04
1.469864E-08,-1E-04
1.470177E-08,-1E-04
1.470489E-08,-1E-04
1.470802E-08,-1E-04
1.471114E-08,-1E-04
1.471427E-08,-1E-04
1.471739E-08,-1E-04
1.472052E-08,-1E-04
1.472364E-08,-1E-04
1.472677E-08,-1E-04
1.472989E-08,-1E-04
1.473302E-08,0.0E+00
1.473614E-08,0.0E+00
1.473927E-08,0.0E+00
1.474239E-08,0.0E+00
1.474552E-08,0.0E+00
1.474864E-08,0.0E+00
1.475177E-08,0.0E+00
1.475489E-08,1E-04
1.475802E-08,1E-04
1.476114E-08,1E-04
1.476427E-08,1E-04
1.476739E-08,1E-04
1.477052E-08,1E-04
1.477364E-08,2E-04
1.477677E-08,2E-04
1.477989E-08,2E-04
1.478302E-08,2E-04
1.478614E-08,2E-04
1.478927E-08,2E-04
1.479239E-08,2E-04
1.479552E-08,3E-04
1.479864E-08,3E-04
1.480177E-08,3E-04
1.480489E-08,3E-04
1.480802E-08,3E-04
1.481114E-08,3E-04
1.481427E-08,3E-04
1.481739E-08,4E-04
1.482052E-08,4E-04
1.482364E-08,4E-04
1.482677E-08,4E-04
1.482989E-08,4E-04
1.483302E-08,4E-04
1.483614E-08,4E-04
1.483927E-08,4E-04
1.484239E-08,4E-04
1.484552E-08,4E-04
1.484864E-08,4E-04
1.485177E-08,4E-04
1.485489E-08,4E-04
1.485802E-08,4E-04
1.486114E-08,4E-04
1.486427E-08,4E-04
1.486739E-08,4E-04
1.487052E-08,4E-04
1.487364E-08,4E-04
1.487677E-08,4E-04
1.487989E-08,4E-04
1.488302E-08,4E-04
1.488614E-08,4E-04
1.488927E-08,3E-04
1.489239E-08,3E-04
1.489552E-08,3E-04
1.489864E-08,3E-04
1.490177E-08,3E-04
1.490489E-08,2E-04
1.490802E-08,2E-04
1.491114E-08,2E-04
1.491427E-08,2E-04
1.491739E-08,1E-04
1.492052E-08,1E-04
1.492364E-08,1E-04
1.492677E-08,0.0E+00
1.492989E-08,0.0E+00
1.493302E-08,-1E-04
1.493614E-08,-1E-04
1.493927E-08,-1E-04
1.494239E-08,-2E-04
1.494552E-08,-2E-04
1.494864E-08,-3E-04
1.495177E-08,-3E-04
1.495489E-08,-4E-04
1.495802E-08,-4E-04
1.496114E-08,-5E-04
1.496427E-08,-5E-04
1.496739E-08,-6E-04
1.497052E-08,-7E-04
1.497364E-08,-7E-04
1.497677E-08,-8E-04
1.497989E-08,-8E-04
1.498302E-08,-9E-04
1.498614E-08,-1.0E-03
1.498927E-08,-1.1E-03
1.499239E-08,-1.1E-03
1.499552E-08,-1.2E-03
1.499864E-08,-1.3E-03
1.500177E-08,-1.4E-03
1.500489E-08,-1.4E-03
1.500802E-08,-1.5E-03
1.501114E-08,-1.6E-03
1.501427E-08,-1.7E-03
1.501739E-08,-1.8E-03
1.502052E-08,-1.8E-03
1.502364E-08,-1.9E-03
1.502677E-08,-2.0E-03
1.502989E-08,-2.1E-03
1.503302E-08,-2.2E-03
1.503614E-08,-2.3E-03
1.503927E-08,-2.4E-03
1.504239E-08,-2.5E-03
1.504552E-08,-2.5E-03
1.504864E-08,-2.6E-03
1.505177E-08,-2.7E-03
1.505489E-08,-2.8E-03
1.505802E-08,-2.9E-03
1.506114E-08,-3.0E-03
1.506427E-08,-3.1E-03
1.506739E-08,-3.2E-03
1.507052E-08,-3.3E-03
1.507364E-08,-3.4E-03
1.507677E-08,-3.5E-03
1.507989E-08,-3.6E-03
1.508302E-08,-3.7E-03
1.508614E-08,-3.8E-03
1.508927E-08,-3.8E-03
1.509239E-08,-3.9E-03
1.509552E-08,-4.0E-03
1.509864E-08,-4.1E-03
1.510177E-08,-4.2E-03
1.510489E-08,-4.3E-03
1.510802E-08,-4.4E-03
1.511114E-08,-4.5E-03
1.511427E-08,-4.6E-03
1.511739E-08,-4.7E-03
1.512052E-08,-4.8E-03
1.512364E-08,-4.9E-03
1.512677E-08,-5.0E-03
1.512989E-08,-5.0E-03
1.513302E-08,-5.1E-03
1.513614E-08,-5.2E-03
1.513927E-08,-5.3E-03
1.514239E-08,-5.4E-03
1.514552E-08,-5.5E-03
1.514864E-08,-5.5E-03
1.515177E-08,-5.6E-03
1.515489E-08,-5.7E-03
1.515802E-08,-5.8E-03
1.516114E-08,-5.8E-03
1.516427E-08,-5.9E-03
1.516739E-08,-6.0E-03
1.517052E-08,-6.1E-03
1.517364E-08,-6.1E-03
1.517677E-08,-6.2E-03
1.517989E-08,-6.3E-03
1.518302E-08,-6.3E-03
1.518614E-08,-6.4E-03
1.518927E-08,-6.5E-03
1.519239E-08,-6.5E-03
1.519552E-08,-6.6E-03
1.519864E-08,-6.6E-03
1.520177E-08,-6.7E-03
1.520489E-08,-6.8E-03
1.520802E-08,-6.8E-03
1.521114E-08,-6.9E-03
1.521427E-08,-6.9E-03
1.521739E-08,-7.0E-03
1.522052E-08,-7.0E-03
1.522364E-08,-7.0E-03
1.522677E-08,-7.1E-03
1.522989E-08,-7.1E-03
1.523302E-08,-7.2E-03
1.523614E-08,-7.2E-03
1.523927E-08,-7.2E-03
1.524239E-08,-7.2E-03
1.524552E-08,-7.3E-03
1.524864E-08,-7.3E-03
1.525177E-08,-7.3E-03
1.525489E-08,-7.4E-03
1.525802E-08,-7.4E-03
1.526114E-08,-7.4E-03
1.526427E-08,-7.4E-03
1.526739E-08,-7.4E-03
1.527052E-08,-7.5E-03
1.527364E-08,-7.5E-03
1.527677E-08,-7.5E-03
1.527989E-08,-7.5E-03
1.528302E-08,-7.5E-03
1.528614E-08,-7.5E-03
1.528927E-08,-7.5E-03
1.529239E-08,-7.5E-03
1.529552E-08,-7.5E-03
1.529864E-08,-7.5E-03
1.530177E-08,-7.5E-03
1.530489E-08,-7.5E-03
1.530802E-08,-7.5E-03
1.531114E-08,-7.5E-03
1.531427E-08,-7.5E-03
1.531739E-08,-7.5E-03
1.532052E-08,-7.5E-03
1.532364E-08,-7.5E-03
1.532677E-08,-7.5E-03
1.532989E-08,-7.5E-03
1.533302E-08,-7.4E-03
1.533614E-08,-7.4E-03
1.533927E-08,-7.4E-03
1.534239E-08,-7.4E-03
1.534552E-08,-7.4E-03
1.534864E-08,-7.4E-03
1.535177E-08,-7.4E-03
1.535489E-08,-7.4E-03
1.535802E-08,-7.3E-03
1.536114E-08,-7.3E-03
1.536427E-08,-7.3E-03
1.536739E-08,-7.3E-03
1.537052E-08,-7.3E-03
1.537364E-08,-7.2E-03
1.537677E-08,-7.2E-03
1.537989E-08,-7.2E-03
1.538302E-08,-7.2E-03
1.538614E-08,-7.1E-03
1.538927E-08,-7.1E-03
1.539239E-08,-7.1E-03
1.539552E-08,-7.1E-03
1.539864E-08,-7.1E-03
1.540177E-08,-7.0E-03
1.540489E-08,-7.0E-03
1.540802E-08,-7.0E-03
1.541114E-08,-7.0E-03
1.541427E-08,-7.0E-03
1.541739E-08,-6.9E-03
1.542052E-08,-6.9E-03
1.542364E-08,-6.9E-03
1.542677E-08,-6.9E-03
1.542989E-08,-6.8E-03
1.543302E-08,-6.8E-03
1.543614E-08,-6.8E-03
1.543927E-08,-6.8E-03
1.544239E-08,-6.7E-03
1.544552E-08,-6.7E-03
1.544864E-08,-6.7E-03
1.545177E-08,-6.7E-03
1.545489E-08,-6.7E-03
1.545802E-08,-6.7E-03
1.546114E-08,-6.6E-03
1.546427E-08,-6.6E-03
1.546739E-08,-6.6E-03
1.547052E-08,-6.6E-03
1.547364E-08,-6.6E-03
1.547677E-08,-6.5E-03
1.547989E-08,-6.5E-03
1.548302E-08,-6.5E-03
1.548614E-08,-6.5E-03
1.548927E-08,-6.5E-03
1.549239E-08,-6.5E-03
1.549552E-08,-6.4E-03
1.549864E-08,-6.4E-03
1.550177E-08,-6.4E-03
1.550489E-08,-6.4E-03
1.550802E-08,-6.4E-03
1.551114E-08,-6.4E-03
1.551427E-08,-6.4E-03
1.551739E-08,-6.4E-03
1.552052E-08,-6.3E-03
1.552364E-08,-6.3E-03
1.552677E-08,-6.3E-03
1.552989E-08,-6.3E-03
1.553302E-08,-6.3E-03
1.553614E-08,-6.3E-03
1.553927E-08,-6.3E-03
1.554239E-08,-6.2E-03
1.554552E-08,-6.2E-03
1.554864E-08,-6.2E-03
1.555177E-08,-6.2E-03
1.555489E-08,-6.2E-03
1.555802E-08,-6.2E-03
1.556114E-08,-6.2E-03
1.556427E-08,-6.2E-03
1.556739E-08,-6.2E-03
1.557052E-08,-6.1E-03
1.557364E-08,-6.1E-03
1.557677E-08,-6.1E-03
1.557989E-08,-6.1E-03
1.558302E-08,-6.1E-03
1.558614E-08,-6.1E-03
1.558927E-08,-6.0E-03
1.559239E-08,-6.0E-03
1.559552E-08,-6.0E-03
1.559864E-08,-6.0E-03
1.560177E-08,-6.0E-03
1.560489E-08,-5.9E-03
1.560802E-08,-5.9E-03
1.561114E-08,-5.9E-03
1.561427E-08,-5.9E-03
1.561739E-08,-5.9E-03
1.562052E-08,-5.8E-03
1.562364E-08,-5.8E-03
1.562677E-08,-5.8E-03
1.562989E-08,-5.8E-03
1.563302E-08,-5.7E-03
1.563614E-08,-5.7E-03
1.563927E-08,-5.7E-03
1.564239E-08,-5.7E-03
1.564552E-08,-5.6E-03
1.564864E-08,-5.6E-03
1.565177E-08,-5.5E-03
1.565489E-08,-5.5E-03
1.565802E-08,-5.5E-03
1.566114E-08,-5.4E-03
1.566427E-08,-5.4E-03
1.566739E-08,-5.4E-03
1.567052E-08,-5.3E-03
1.567364E-08,-5.3E-03
1.567677E-08,-5.2E-03
1.567989E-08,-5.2E-03
1.568302E-08,-5.2E-03
1.568614E-08,-5.1E-03
1.568927E-08,-5.1E-03
1.569239E-08,-5.0E-03
1.569552E-08,-5.0E-03
1.569864E-08,-4.9E-03
1.570177E-08,-4.8E-03
1.570489E-08,-4.8E-03
1.570802E-08,-4.7E-03
1.571114E-08,-4.7E-03
1.571427E-08,-4.6E-03
1.571739E-08,-4.6E-03
1.572052E-08,-4.5E-03
1.572364E-08,-4.4E-03
1.572677E-08,-4.4E-03
1.572989E-08,-4.3E-03
1.573302E-08,-4.2E-03
1.573614E-08,-4.2E-03
1.573927E-08,-4.1E-03
1.574239E-08,-4.0E-03
1.574552E-08,-4.0E-03
1.574864E-08,-3.9E-03
1.575177E-08,-3.8E-03
1.575489E-08,-3.7E-03
1.575802E-08,-3.7E-03
1.576114E-08,-3.6E-03
1.576427E-08,-3.5E-03
1.576739E-08,-3.5E-03
1.577052E-08,-3.4E-03
1.577364E-08,-3.3E-03
1.577677E-08,-3.2E-03
1.577989E-08,-3.1E-03
1.578302E-08,-3.1E-03
1.578614E-08,-3.0E-03
1.578927E-08,-2.9E-03
1.579239E-08,-2.8E-03
1.579552E-08,-2.7E-03
1.579864E-08,-2.6E-03
1.580177E-08,-2.6E-03
1.580489E-08,-2.5E-03
1.580802E-08,-2.4E-03
1.581114E-08,-2.3E-03
1.581427E-08,-2.2E-03
1.581739E-08,-2.1E-03
1.582052E-08,-2.1E-03
1.582364E-08,-2.0E-03
1.582677E-08,-1.9E-03
1.582989E-08,-1.8E-03
1.583302E-08,-1.7E-03
1.583614E-08,-1.7E-03
1.583927E-08,-1.6E-03
1.584239E-08,-1.5E-03
1.584552E-08,-1.4E-03
1.584864E-08,-1.3E-03
1.585177E-08,-1.3E-03
1.585489E-08,-1.2E-03
1.585802E-08,-1.1E-03
1.586114E-08,-1.0E-03
1.586427E-08,-9E-04
1.586739E-08,-9E-04
1.587052E-08,-8E-04
1.587364E-08,-7E-04
1.587677E-08,-6E-04
1.587989E-08,-6E-04
1.588302E-08,-5E-04
1.588614E-08,-4E-04
1.588927E-08,-4E-04
1.589239E-08,-3E-04
1.589552E-08,-2E-04
1.589864E-08,-2E-04
1.590177E-08,-1E-04
1.590489E-08,-1E-04
1.590802E-08,0.0E+00
1.591114E-08,1E-04
1.591427E-08,1E-04
1.591739E-08,2E-04
1.592052E-08,2E-04
1.592364E-08,3E-04
1.592677E-08,3E-04
1.592989E-08,4E-04
1.593302E-08,4E-04
1.593614E-08,4E-04
1.593927E-08,5E-04
1.594239E-08,5E-04
1.594552E-08,6E-04
1.594864E-08,6E-04
1.595177E-08,6E-04
1.595489E-08,6E-04
1.595802E-08,7E-04
1.596114E-08,7E-04
1.596427E-08,7E-04
1.596739E-08,8E-04
1.597052E-08,8E-04
1.597364E-08,8E-04
1.597677E-08,8E-04
1.597989E-08,8E-04
1.598302E-08,8E-04
1.598614E-08,8E-04
1.598927E-08,8E-04
1.599239E-08,8E-04
1.599552E-08,8E-04
1.599864E-08,8E-04
1.600177E-08,8E-04
1.600489E-08,8E-04
1.600802E-08,8E-04
1.601114E-08,8E-04
1.601427E-08,8E-04
1.601739E-08,8E-04
1.602052E-08,8E-04
1.602364E-08,7E-04
1.602677E-08,7E-04
1.602989E-08,7E-04
1.603302E-08,7E-04
1.603614E-08,6E-04
1.603927E-08,6E-04
1.604239E-08,6E-04
1.604552E-08,6E-04
1.604864E-08,5E-04
1.605177E-08,5E-04
1.605489E-08,5E-04
1.605802E-08,4E-04
1.606114E-08,4E-04
1.606427E-08,4E-04
1.606739E-08,3E-04
1.607052E-08,3E-04
1.607364E-08,2E-04
1.607677E-08,2E-04
1.607989E-08,1E-04
1.608302E-08,1E-04
1.608614E-08,1E-04
1.608927E-08,0.0E+00
1.609239E-08,-1E-04
1.609552E-08,-1E-04
1.609864E-08,-1E-04
1.610177E-08,-2E-04
1.610489E-08,-2E-04
1.610802E-08,-3E-04
1.611114E-08,-3E-04
1.611427E-08,-4E-04
1.611739E-08,-4E-04
1.612052E-08,-5E-04
1.612364E-08,-6E-04
1.612677E-08,-6E-04
1.612989E-08,-7E-04
1.613302E-08,-7E-04
1.613614E-08,-8E-04
1.613927E-08,-8E-04
1.614239E-08,-9E-04
1.614552E-08,-9E-04
1.614864E-08,-1.0E-03
1.615177E-08,-1.0E-03
1.615489E-08,-1.1E-03
1.615802E-08,-1.1E-03
1.616114E-08,-1.2E-03
1.616427E-08,-1.2E-03
1.616739E-08,-1.3E-03
1.617052E-08,-1.3E-03
1.617364E-08,-1.4E-03
1.617677E-08,-1.4E-03
1.617989E-08,-1.5E-03
1.618302E-08,-1.5E-03
1.618614E-08,-1.6E-03
1.618927E-08,-1.6E-03
1.619239E-08,-1.7E-03
1.619552E-08,-1.7E-03
1.619864E-08,-1.8E-03
1.620177E-08,-1.8E-03
1.620489E-08,-1.9E-03
1.620802E-08,-1.9E-03
1.621114E-08,-1.9E-03
1.621427E-08,-2.0E-03
1.621739E-08,-2.0E-03
1.622052E-08,-2.1E-03
1.622364E-08,-2.1E-03
1.622677E-08,-2.1E-03
1.622989E-08,-2.2E-03
1.623302E-08,-2.2E-03
1.623614E-08,-2.3E-03
1.623927E-08,-2.3E-03
1.624239E-08,-2.3E-03
1.624552E-08,-2.4E-03
1.624864E-08,-2.4E-03
1.625177E-08,-2.4E-03
1.625489E-08,-2.5E-03
1.625802E-08,-2.5E-03
1.626114E-08,-2.5E-03
1.626427E-08,-2.5E-03
1.626739E-08,-2.6E-03
1.627052E-08,-2.6E-03
1.627364E-08,-2.6E-03
1.627677E-08,-2.6E-03
1.627989E-08,-2.7E-03
1.628302E-08,-2.7E-03
1.628614E-08,-2.7E-03
1.628927E-08,-2.7E-03
1.629239E-08,-2.8E-03
1.629552E-08,-2.8E-03
1.629864E-08,-2.8E-03
1.630177E-08,-2.8E-03
1.630489E-08,-2.8E-03
1.630802E-08,-2.8E-03
1.631114E-08,-2.9E-03
1.631427E-08,-2.9E-03
1.631739E-08,-2.9E-03
1.632052E-08,-2.9E-03
1.632364E-08,-2.9E-03
1.632677E-08,-2.9E-03
1.632989E-08,-3.0E-03
1.633302E-08,-3.0E-03
1.633614E-08,-3.0E-03
1.633927E-08,-3.0E-03
1.634239E-08,-3.0E-03
1.634552E-08,-3.0E-03
1.634864E-08,-3.1E-03
1.635177E-08,-3.1E-03
1.635489E-08,-3.1E-03
1.635802E-08,-3.1E-03
1.636114E-08,-3.1E-03
1.636427E-08,-3.1E-03
1.636739E-08,-3.1E-03
1.637052E-08,-3.1E-03
1.637364E-08,-3.2E-03
1.637677E-08,-3.2E-03
1.637989E-08,-3.2E-03
1.638302E-08,-3.2E-03
1.638614E-08,-3.2E-03
1.638927E-08,-3.2E-03
1.639239E-08,-3.3E-03
1.639552E-08,-3.3E-03
1.639864E-08,-3.3E-03
1.640177E-08,-3.3E-03
1.640489E-08,-3.3E-03
1.640802E-08,-3.4E-03
1.641114E-08,-3.4E-03
1.641427E-08,-3.4E-03
1.641739E-08,-3.4E-03
1.642052E-08,-3.4E-03
1.642364E-08,-3.5E-03
1.642677E-08,-3.5E-03
1.642989E-08,-3.5E-03
1.643302E-08,-3.5E-03
1.643614E-08,-3.6E-03
1.643927E-08,-3.6E-03
1.644239E-08,-3.6E-03
1.644552E-08,-3.6E-03
1.644864E-08,-3.7E-03
1.645177E-08,-3.7E-03
1.645489E-08,-3.7E-03
1.645802E-08,-3.8E-03
1.646114E-08,-3.8E-03
1.646427E-08,-3.8E-03
1.646739E-08,-3.9E-03
1.647052E-08,-3.9E-03
1.647364E-08,-3.9E-03
1.647677E-08,-4.0E-03
1.647989E-08,-4.0E-03
1.648302E-08,-4.0E-03
1.648614E-08,-4.1E-03
1.648927E-08,-4.1E-03
1.649239E-08,-4.2E-03
1.649552E-08,-4.2E-03
1.649864E-08,-4.3E-03
1.650177E-08,-4.3E-03
1.650489E-08,-4.3E-03
1.650802E-08,-4.4E-03
1.651114E-08,-4.4E-03
1.651427E-08,-4.5E-03
1.651739E-08,-4.5E-03
1.652052E-08,-4.6E-03
1.652364E-08,-4.6E-03
1.652677E-08,-4.7E-03
1.652989E-08,-4.7E-03
1.653302E-08,-4.8E-03
1.653614E-08,-4.8E-03
1.653927E-08,-4.9E-03
1.654239E-08,-4.9E-03
1.654552E-08,-5.0E-03
1.654864E-08,-5.0E-03
1.655177E-08,-5.1E-03
1.655489E-08,-5.1E-03
1.655802E-08,-5.2E-03
1.656114E-08,-5.2E-03
1.656427E-08,-5.3E-03
1.656739E-08,-5.3E-03
1.657052E-08,-5.4E-03
1.657364E-08,-5.5E-03
1.657677E-08,-5.5E-03
1.657989E-08,-5.6E-03
1.658302E-08,-5.6E-03
1.658614E-08,-5.7E-03
1.658927E-08,-5.7E-03
1.659239E-08,-5.8E-03
1.659552E-08,-5.8E-03
1.659864E-08,-5.9E-03
1.660177E-08,-6.0E-03
1.660489E-08,-6.0E-03
1.660802E-08,-6.1E-03
1.661114E-08,-6.1E-03
1.661427E-08,-6.2E-03
1.661739E-08,-6.2E-03
1.662052E-08,-6.3E-03
1.662364E-08,-6.3E-03
1.662677E-08,-6.4E-03
1.662989E-08,-6.4E-03
1.663302E-08,-6.5E-03
1.663614E-08,-6.5E-03
1.663927E-08,-6.6E-03
1.664239E-08,-6.6E-03
1.664552E-08,-6.7E-03
1.664864E-08,-6.7E-03
1.665177E-08,-6.8E-03
1.665489E-08,-6.8E-03
1.665802E-08,-6.9E-03
1.666114E-08,-6.9E-03
1.666427E-08,-7.0E-03
1.666739E-08,-7.0E-03
1.667052E-08,-7.0E-03
1.667364E-08,-7.1E-03
1.667677E-08,-7.1E-03
1.667989E-08,-7.1E-03
1.668302E-08,-7.2E-03
1.668614E-08,-7.2E-03
1.668927E-08,-7.2E-03
1.669239E-08,-7.3E-03
1.669552E-08,-7.3E-03
1.669864E-08,-7.3E-03
1.670177E-08,-7.4E-03
1.670489E-08,-7.4E-03
1.670802E-08,-7.4E-03
1.671114E-08,-7.5E-03
1.671427E-08,-7.5E-03
1.671739E-08,-7.5E-03
1.672052E-08,-7.5E-03
1.672364E-08,-7.5E-03
1.672677E-08,-7.6E-03
1.672989E-08,-7.6E-03
1.673302E-08,-7.6E-03
1.673614E-08,-7.6E-03
1.673927E-08,-7.6E-03
1.674239E-08,-7.6E-03
1.674552E-08,-7.6E-03
1.674864E-08,-7.6E-03
1.675177E-08,-7.7E-03
1.675489E-08,-7.7E-03
1.675802E-08,-7.7E-03
1.676114E-08,-7.7E-03
1.676427E-08,-7.7E-03
1.676739E-08,-7.7E-03
1.677052E-08,-7.7E-03
1.677364E-08,-7.7E-03
1.677677E-08,-7.7E-03
1.677989E-08,-7.7E-03
1.678302E-08,-7.7E-03
1.678614E-08,-7.7E-03
1.678927E-08,-7.6E-03
1.679239E-08,-7.6E-03
1.679552E-08,-7.6E-03
1.679864E-08,-7.6E-03
1.680177E-08,-7.6E-03
1.680489E-08,-7.6E-03
1.680802E-08,-7.6E-03
1.681114E-08,-7.6E-03
1.681427E-08,-7.5E-03
1.681739E-08,-7.5E-03
1.682052E-08,-7.5E-03
1.682364E-08,-7.5E-03
1.682677E-08,-7.5E-03
1.682989E-08,-7.4E-03
1.683302E-08,-7.4E-03
1.683614E-08,-7.4E-03
1.683927E-08,-7.4E-03
1.684239E-08,-7.3E-03
1.684552E-08,-7.3E-03
1.684864E-08,-7.3E-03
1.685177E-08,-7.2E-03
1.685489E-08,-7.2E-03
1.685802E-08,-7.2E-03
1.686114E-08,-7.2E-03
1.686427E-08,-7.1E-03
1.686739E-08,-7.1E-03
1.687052E-08,-7.1E-03
1.687364E-08,-7.1E-03
1.687677E-08,-7.0E-03
1.687989E-08,-7.0E-03
1.688302E-08,-7.0E-03
1.688614E-08,-6.9E-03
1.688927E-08,-6.9E-03
1.689239E-08,-6.9E-03
1.689552E-08,-6.8E-03
1.689864E-08,-6.8E-03
1.690177E-08,-6.7E-03
1.690489E-08,-6.7E-03
1.690802E-08,-6.7E-03
1.691114E-08,-6.7E-03
1.691427E-08,-6.6E-03
1.691739E-08,-6.6E-03
1.692052E-08,-6.6E-03
1.692364E-08,-6.5E-03
1.692677E-08,-6.5E-03
1.692989E-08,-6.5E-03
1.693302E-08,-6.4E-03
1.693614E-08,-6.4E-03
1.693927E-08,-6.3E-03
1.694239E-08,-6.3E-03
1.694552E-08,-6.3E-03
1.694864E-08,-6.2E-03
1.695177E-08,-6.2E-03
1.695489E-08,-6.2E-03
1.695802E-08,-6.2E-03
1.696114E-08,-6.1E-03
1.696427E-08,-6.1E-03
1.696739E-08,-6.1E-03
1.697052E-08,-6.0E-03
1.697364E-08,-6.0E-03
1.697677E-08,-6.0E-03
1.697989E-08,-5.9E-03
1.698302E-08,-5.9E-03
1.698614E-08,-5.9E-03
1.698927E-08,-5.8E-03
1.699239E-08,-5.8E-03
1.699552E-08,-5.8E-03
1.699864E-08,-5.8E-03
1.700177E-08,-5.7E-03
1.700489E-08,-5.7E-03
1.700802E-08,-5.7E-03
1.701114E-08,-5.7E-03
1.701427E-08,-5.6E-03
1.701739E-08,-5.6E-03
1.702052E-08,-5.6E-03
1.702364E-08,-5.6E-03
1.702677E-08,-5.5E-03
1.702989E-08,-5.5E-03
1.703302E-08,-5.5E-03
1.703614E-08,-5.5E-03
1.703927E-08,-5.4E-03
1.704239E-08,-5.4E-03
1.704552E-08,-5.4E-03
1.704864E-08,-5.4E-03
1.705177E-08,-5.3E-03
1.705489E-08,-5.3E-03
1.705802E-08,-5.3E-03
1.706114E-08,-5.3E-03
1.706427E-08,-5.3E-03
1.706739E-08,-5.2E-03
1.707052E-08,-5.2E-03
1.707364E-08,-5.2E-03
1.707677E-08,-5.2E-03
1.707989E-08,-5.2E-03
1.708302E-08,-5.1E-03
1.708614E-08,-5.1E-03
1.708927E-08,-5.1E-03
1.709239E-08,-5.1E-03
1.709552E-08,-5.0E-03
1.709864E-08,-5.0E-03
1.710177E-08,-5.0E-03
1.710489E-08,-5.0E-03
1.710802E-08,-5.0E-03
1.711114E-08,-4.9E-03
1.711427E-08,-4.9E-03
1.711739E-08,-4.9E-03
1.712052E-08,-4.9E-03
1.712364E-08,-4.9E-03
1.712677E-08,-4.8E-03
1.712989E-08,-4.8E-03
1.713302E-08,-4.8E-03
1.713614E-08,-4.8E-03
1.713927E-08,-4.7E-03
1.714239E-08,-4.7E-03
1.714552E-08,-4.7E-03
1.714864E-08,-4.7E-03
1.715177E-08,-4.7E-03
1.715489E-08,-4.6E-03
1.715802E-08,-4.6E-03
1.716114E-08,-4.6E-03
1.716427E-08,-4.5E-03
1.716739E-08,-4.5E-03
1.717052E-08,-4.5E-03
1.717364E-08,-4.5E-03
1.717677E-08,-4.4E-03
1.717989E-08,-4.4E-03
1.718302E-08,-4.4E-03
1.718614E-08,-4.3E-03
1.718927E-08,-4.3E-03
1.719239E-08,-4.3E-03
1.719552E-08,-4.2E-03
1.719864E-08,-4.2E-03
1.720177E-08,-4.2E-03
1.720489E-08,-4.1E-03
1.720802E-08,-4.1E-03
1.721114E-08,-4.1E-03
1.721427E-08,-4.0E-03
1.721739E-08,-4.0E-03
1.722052E-08,-4.0E-03
1.722364E-08,-3.9E-03
1.722677E-08,-3.9E-03
1.722989E-08,-3.9E-03
1.723302E-08,-3.8E-03
1.723614E-08,-3.8E-03
1.723927E-08,-3.7E-03
1.724239E-08,-3.7E-03
1.724552E-08,-3.7E-03
1.724864E-08,-3.6E-03
1.725177E-08,-3.6E-03
1.725489E-08,-3.5E-03
1.725802E-08,-3.5E-03
1.726114E-08,-3.5E-03
1.726427E-08,-3.4E-03
1.726739E-08,-3.3E-03
1.727052E-08,-3.3E-03
1.727364E-08,-3.3E-03
1.727677E-08,-3.2E-03
1.727989E-08,-3.2E-03
1.728302E-08,-3.1E-03
1.728614E-08,-3.1E-03
1.728927E-08,-3.0E-03
1.729239E-08,-3.0E-03
1.729552E-08,-2.9E-03
1.729864E-08,-2.9E-03
1.730177E-08,-2.8E-03
1.730489E-08,-2.8E-03
1.730802E-08,-2.7E-03
1.731114E-08,-2.7E-03
1.731427E-08,-2.6E-03
1.731739E-08,-2.6E-03
1.732052E-08,-2.5E-03
1.732364E-08,-2.5E-03
1.732677E-08,-2.4E-03
1.732989E-08,-2.3E-03
1.733302E-08,-2.3E-03
1.733614E-08,-2.2E-03
1.733927E-08,-2.2E-03
1.734239E-08,-2.1E-03
1.734552E-08,-2.1E-03
1.734864E-08,-2.0E-03
1.735177E-08,-2.0E-03
1.735489E-08,-1.9E-03
1.735802E-08,-1.8E-03
1.736114E-08,-1.8E-03
1.736427E-08,-1.7E-03
1.736739E-08,-1.7E-03
1.737052E-08,-1.6E-03
1.737364E-08,-1.6E-03
1.737677E-08,-1.5E-03
1.737989E-08,-1.5E-03
1.738302E-08,-1.4E-03
1.738614E-08,-1.4E-03
1.738927E-08,-1.3E-03
1.739239E-08,-1.3E-03
1.739552E-08,-1.2E-03
1.739864E-08,-1.2E-03
1.740177E-08,-1.1E-03
1.740489E-08,-1.1E-03
1.740802E-08,-1.0E-03
1.741114E-08,-9E-04
1.741427E-08,-9E-04
1.741739E-08,-8E-04
1.742052E-08,-8E-04
1.742364E-08,-8E-04
1.742677E-08,-7E-04
1.742989E-08,-7E-04
1.743302E-08,-6E-04
1.743614E-08,-6E-04
1.743927E-08,-5E-04
1.744239E-08,-5E-04
1.744552E-08,-4E-04
1.744864E-08,-4E-04
1.745177E-08,-4E-04
1.745489E-08,-3E-04
1.745802E-08,-3E-04
1.746114E-08,-3E-04
1.746427E-08,-2E-04
1.746739E-08,-2E-04
1.747052E-08,-1E-04
1.747364E-08,-1E-04
1.747677E-08,-1E-04
1.747989E-08,-1E-04
1.748302E-08,0.0E+00
1.748614E-08,0.0E+00
1.748927E-08,0.0E+00
1.749239E-08,1E-04
1.749552E-08,1E-04
1.749864E-08,1E-04
1.750177E-08,1E-04
1.750489E-08,1E-04
1.750802E-08,2E-04
1.751114E-08,2E-04
1.751427E-08,2E-04
1.751739E-08,2E-04
1.752052E-08,2E-04
1.752364E-08,3E-04
1.752677E-08,3E-04
1.752989E-08,3E-04
1.753302E-08,3E-04
1.753614E-08,3E-04
1.753927E-08,3E-04
1.754239E-08,3E-04
1.754552E-08,3E-04
1.754864E-08,3E-04
1.755177E-08,3E-04
1.755489E-08,3E-04
1.755802E-08,3E-04
1.756114E-08,3E-04
1.756427E-08,3E-04
1.756739E-08,3E-04
1.757052E-08,3E-04
1.757364E-08,3E-04
1.757677E-08,3E-04
1.757989E-08,2E-04
1.758302E-08,2E-04
1.758614E-08,2E-04
1.758927E-08,2E-04
1.759239E-08,2E-04
1.759552E-08,1E-04
1.759864E-08,1E-04
1.760177E-08,1E-04
1.760489E-08,1E-04
1.760802E-08,0.0E+00
1.761114E-08,0.0E+00
1.761427E-08,0.0E+00
1.761739E-08,-1E-04
1.762052E-08,-1E-04
1.762364E-08,-1E-04
1.762677E-08,-1E-04
1.762989E-08,-2E-04
1.763302E-08,-2E-04
1.763614E-08,-3E-04
1.763927E-08,-3E-04
1.764239E-08,-4E-04
1.764552E-08,-4E-04
1.764864E-08,-4E-04
1.765177E-08,-5E-04
1.765489E-08,-5E-04
1.765802E-08,-6E-04
1.766114E-08,-6E-04
1.766427E-08,-7E-04
1.766739E-08,-7E-04
1.767052E-08,-8E-04
1.767364E-08,-8E-04
1.767677E-08,-9E-04
1.767989E-08,-9E-04
1.768302E-08,-1.0E-03
1.768614E-08,-1.1E-03
1.768927E-08,-1.1E-03
1.769239E-08,-1.2E-03
1.769552E-08,-1.2E-03
1.769864E-08,-1.3E-03
1.770177E-08,-1.4E-03
1.770489E-08,-1.4E-03
1.770802E-08,-1.5E-03
1.771114E-08,-1.5E-03
1.771427E-08,-1.6E-03
1.771739E-08,-1.7E-03
1.772052E-08,-1.7E-03
1.772364E-08,-1.8E-03
1.772677E-08,-1.9E-03
1.772989E-08,-1.9E-03
1.773302E-08,-2.0E-03
1.773614E-08,-2.1E-03
1.773927E-08,-2.1E-03
1.774239E-08,-2.2E-03
1.774552E-08,-2.3E-03
1.774864E-08,-2.3E-03
1.775177E-08,-2.4E-03
1.775489E-08,-2.5E-03
1.775802E-08,-2.5E-03
1.776114E-08,-2.6E-03
1.776427E-08,-2.7E-03
1.776739E-08,-2.7E-03
1.777052E-08,-2.8E-03
1.777364E-08,-2.9E-03
1.777677E-08,-2.9E-03
1.777989E-08,-3.0E-03
1.778302E-08,-3.1E-03
1.778614E-08,-3.1E-03
1.778927E-08,-3.2E-03
1.779239E-08,-3.3E-03
1.779552E-08,-3.3E-03
1.779864E-08,-3.4E-03
1.780177E-08,-3.5E-03
1.780489E-08,-3.5E-03
1.780802E-08,-3.6E-03
1.781114E-08,-3.6E-03
1.781427E-08,-3.7E-03
1.781739E-08,-3.8E-03
1.782052E-08,-3.8E-03
1.782364E-08,-3.9E-03
1.782677E-08,-4.0E-03
1.782989E-08,-4.0E-03
1.783302E-08,-4.1E-03
1.783614E-08,-4.1E-03
1.783927E-08,-4.2E-03
1.784239E-08,-4.2E-03
1.784552E-08,-4.3E-03
1.784864E-08,-4.3E-03
1.785177E-08,-4.4E-03
1.785489E-08,-4.4E-03
1.785802E-08,-4.5E-03
1.786114E-08,-4.5E-03
1.786427E-08,-4.6E-03
1.786739E-08,-4.6E-03
1.787052E-08,-4.7E-03
1.787364E-08,-4.7E-03
1.787677E-08,-4.8E-03
1.787989E-08,-4.8E-03
1.788302E-08,-4.8E-03
1.788614E-08,-4.9E-03
1.788927E-08,-4.9E-03
1.789239E-08,-5.0E-03
1.789552E-08,-5.0E-03
1.789864E-08,-5.0E-03
1.790177E-08,-5.0E-03
1.790489E-08,-5.1E-03
1.790802E-08,-5.1E-03
1.791114E-08,-5.1E-03
1.791427E-08,-5.2E-03
1.791739E-08,-5.2E-03
1.792052E-08,-5.2E-03
1.792364E-08,-5.2E-03
1.792677E-08,-5.3E-03
1.792989E-08,-5.3E-03
1.793302E-08,-5.3E-03
1.793614E-08,-5.3E-03
1.793927E-08,-5.3E-03
1.794239E-08,-5.3E-03
1.794552E-08,-5.4E-03
1.794864E-08,-5.4E-03
1.795177E-08,-5.4E-03
1.795489E-08,-5.4E-03
1.795802E-08,-5.4E-03
1.796114E-08,-5.4E-03
1.796427E-08,-5.4E-03
1.796739E-08,-5.4E-03
1.797052E-08,-5.4E-03
1.797364E-08,-5.4E-03
1.797677E-08,-5.4E-03
1.797989E-08,-5.4E-03
1.798302E-08,-5.4E-03
1.798614E-08,-5.4E-03
1.798927E-08,-5.4E-03
1.799239E-08,-5.4E-03
1.799552E-08,-5.4E-03
1.799864E-08,-5.4E-03
1.800177E-08,-5.4E-03
1.800489E-08,-5.4E-03
1.800802E-08,-5.4E-03
1.801114E-08,-5.3E-03
1.801427E-08,-5.3E-03
1.801739E-08,-5.3E-03
1.802052E-08,-5.3E-03
1.802364E-08,-5.3E-03
1.802677E-08,-5.3E-03
1.802989E-08,-5.3E-03
1.803302E-08,-5.2E-03
1.803614E-08,-5.2E-03
1.803927E-08,-5.2E-03
1.804239E-08,-5.2E-03
1.804552E-08,-5.2E-03
